,#label,doc_id,sentence_id,text
0,0,124,204,主食の米に、油と塩を多用する
1,0,91,349,主食は米、魚、野菜、果物である
2,0,177,465,魚・肉の料理が比較的に少なく、スープや野菜の煮物などの料理が圧倒的に多い
3,0,120,165,肉、魚、野菜などの具材を炒めてからスープで煮込んだ後、同じスープで米を炊き込むベンヌチン（1つ鍋）と、炊いた白米の上に、野菜などを煮込んだソースをかけるニャーリチン（2つ鍋）とに大別される
4,0,90,122,主に、パーム油、コーヒー、木材
5,0,158,108,ほかに輸出品として衣料、動物の皮、バニラ、野菜、果物、切花、魚が成長しており、茶、タバコも依然重要な産品である
6,0,149,498,最もポピュラーなのは魚・肉などを串焼きにするキャバーブである
7,0,149,497,また、カスピ海やペルシャ湾から獲れる魚料理に、鳥・羊・牛などの他、ラクダ|駱駝等も用いる肉料理、野菜料理などは種類豊富
8,0,116,252,中でも肉骨茶（バクテー）は人気が高い
9,0,104,195,アンゴラの主食は、キャッサバやトウモロコシの粉を湯と混ぜて餅状にしたフンジであり、肉や野菜をパーム油と煮た、シチュー状のムアンバと共に食べることが多い
10,0,124,207,おかずも油や塩がよくきいていて、高カロリーなものが多い
11,0,130,401,夏期には米を栽培し、冬期は麦を育てる
12,0,113,489,コメのほかコーヒー、茶、ゴム、魚製品の輸出も多い
13,0,134,65,経済格差が大きく、木材とコプラ、パーム油に鰹と鮪が主要品目である
14,0,110,196,イタリアの森林業資源はとぼしく、木材の多くを輸入にたよっている
15,0,96,74,このような気候を受け、国土の1/3が森林であるほか、ステップ性の草原も残っている
16,0,177,467,肉料理は豚肉料理、魚料理は鯉類料理が一般的である
17,0,144,143,多くの場合、魚・牛肉・鶏肉や調理された野菜を副菜にして一緒に食べる
18,0,177,473,調味料としては、サーロ、向日葵油、スメターナ、酢、塩、蜂蜜などが用いられる[100]
19,0,109,374,シュルパ（シュルヴァやシャルヴァとも呼ばれる）は脂肪の多い肉（通常羊肉を用いる）の大きな塊と新鮮な野菜から作るスープである
20,0,109,371,ウズベキスタンの国民食はプロフ（パラフ、パラウ、オシュとも呼ぶ）であり、米、肉、ニンジンやタマネギなどの野菜を使用して作るピラフに似た料理で、主菜として供される
21,0,79,598,ローストした大量の肉塊ばかりではなく、キャベツや根野菜、主食のイモを多く使う
22,0,109,377,肉と野菜のシチューに近いディムラマや様々なカバブは通常主菜として供される
23,0,29,159,カーボベルデの料理は大概魚とトウモロコシと米のような主食を基礎としている
24,0,53,341,海に囲まれているため魚介類も豊富で、魚や海老などを使った料理も多い
25,0,14,187,WWFからの報告で、同国のエコリージョンは中央ヨーロッパの混交林、東ヨーロッパの森林草原、ポントス・カスピ海草原の3つのエリアに細分されていることが明らかとなっている
26,0,149,278,一方、イランの東半は塩分を含むキャビール砂漠のような無人に近い砂漠地帯が広がり、塩湖が点在する
27,0,142,11,同国の地形は、乾燥した北の森林ステップ、ゴビ砂漠、タクラマカン砂漠から、多湿な南の亜熱帯の森林まで広大かつ多様である
28,0,25,374,ヨルダンとの国境付近に、世界的にも高濃度の塩湖である死海がある
29,0,9,347,チリの主な農産物は、穀物であるオート麦、トウモロコシ、小麦、果物 - 桃、リンゴ、ナシやブドウと野菜ニンニク、タマネギ、アスパラガスと豆などである
30,0,124,205,塩水と油で炊いた米に、更に炊き上がったらサラダ油をたっぷりとかけてツヤツヤにする
31,0,64,522,現在、1%から2.8%のアメリカ人が肉、家禽、魚を全く食べないと回答している[107][108][109][110]
32,0,140,157,また果樹・青果物栽培も行なっており、主にキウイフルーツやフェイジョア、キワノ、タマリロなどの果物やパースニップ、スウィード、ビートルート、ルバーブ、リーキなどの野菜が名産となっている
33,0,55,747,四季があり降水量が多いため、米を含む穀物、野菜や山菜などの種類が豊富である
34,0,4,152,主要産業はGDPの約35%を占める農業（米、麦など、林業も含む）だが、最大の輸出商品は電力である
35,0,174,593,よく知られているものとしては、前者にソーセージ （Wurst） 、ハム （Schinken） 、チーズ （Käse） などの冷製食品、後者に塩漬け肉アイスバイン（Eisbein）、キャベツの塩漬けザワークラウト（Sauerkraut）、肉や魚の団子クネーデル（Knödel）などがある
36,0,9,303,林業については、国土の2割が森林となっており木材生産が盛んに行われてきたが、1980年代以降、アメリカ合衆国や日本の業者が進出し、パルプ用の木材チップの生産を飛躍的に高めた
37,0,80,577,マダガスカルでは毎回の食事に米飯が食され、それにさまざまな種類の香り豊かな野菜料理か肉料理が一品つくのが普通である[159]
38,0,174,160,主な天然資源は、鉄鉱石、石炭、炭酸カリウム、木材、褐炭、ウラン、銅、天然ガス、塩、ニッケル、可耕地と水である[14]
39,0,111,112,モンゴルの草原
40,0,4,176,例外は輸出が可能な果樹、原木である
41,0,9,297,農業については、果樹類の生産が特筆される
42,0,62,152,農業は果樹・穀類栽培と牧畜がある
43,0,37,151,その他の麦や、トウモロコシやジャガイモの生産も盛ん
44,0,130,324,麦類は乾燥した気候に強いからである
45,0,109,380,他にもタシュケント付近では黒茶などの茶が出されることも多いが、緑茶や黒茶に牛乳や砂糖を入れて飲むようなことはしない
46,0,24,135,ほかに茶が栽培される
47,0,172,434,茶も同様である
48,0,179,662,麦のクレープガレットや、ケーキなどの菓子文化も発達した
49,0,107,56,クレオール料理のレストランでは、調理された米・肉（鶏・豚・七面鳥など）・芋・豆などが1つの大きな皿に乗って提供される
50,0,192,145,観光のほか、国土の約半分を占める森林から得られる木材、ナムグム・ダムを始めとする水力発電の隣国タイへの売電、対外援助などが主な外貨源となっている
51,0,125,54,豊かな木材資源もある
52,0,31,321,食文化としては大量にとれる米を主食とし、ガンジス川流域や海岸、汽水域などで大量にとれる魚も重要な蛋白源となっている
53,0,171,73,"国土中央部にはバラ砂漠と呼ばれる砂漠が、標高1,500mほどの地帯にはダイの森（Forêt de Day）と呼ばれる森林地帯が、タジュラ湾沿いの海岸にはマングローブ林が存在する"
54,0,144,95,チャンボという魚が有名
55,0,80,174,中央高地の森林生態系は、土地の耕作意欲の高まりと、コブウシの牧草地需要の恒常的な増加により、17世紀までには草原へと、大きくその姿を変容させた[38]
56,0,101,72,東日本大震災において、国際熱帯木材機関を通じ、復興用木材の提供を行った
57,0,147,99,豊かな木材資源も有望であるとされる
58,0,128,131,砂漠には砂丘のみならず、岩石砂漠や礫砂漠も存在する
59,0,63,102,この高原の北部にはアフリカ最大の塩湖であるエトーシャ塩湖が広がる
60,0,146,308,野菜栽培で有名
61,0,135,502,中央部では麦類、ぶどう、畜産物を産する
62,0,92,249,果樹栽培は全国的に盛んであるが、リンブルフ州南部とヘルデルラント州およびユトレヒト州西部の河成粘土地域は牧場か果樹園が一番多い
63,0,82,84,豊かなボーキサイトや木材資源に恵まれている
64,0,9,317,南部の森林地帯の荒々しい美しさ、北部のアタカマ砂漠の広漠とした風景、5月から9月にかけてのアンデス山脈のスキーシーズンが観光客を惹きつけている
65,0,19,185,森林率は19%であり高山植物から熱帯雨林まで様々な植物の自生地帯が存在するが、大陸の大半は砂漠とステップ（半乾燥帯）で占められる[44]
66,0,70,222,そのため市場に出回る魚の価格は上昇を続けており、国民が魚を口にする機会は昔に比べると減っている
67,0,107,58,その他にmanicou（オポッサム）の肉料理などもある
68,0,109,381,茶は必ず食事とともに提供されるが、ホスピタリティの一環として、客を招いた際には必ず緑茶もしくは黒茶を出す習慣がある
69,0,135,501,農業は適地適作であり、北部は麦類、畜産物を産する
70,0,149,499,野菜料理は煮込むものが多い
71,0,36,294,このほか、リン鉱と塩も産出する
72,0,37,162,塩、石灰岩の生産も見られる
73,0,194,159,塩は岩塩ではなく、塩田を利用したものである
74,0,172,208,生産者から米・小麦・砂糖・食用油などの作物を最低支持価格で買上げ、政府が定める中央卸売価格を基準に公正価格店に卸す体制がつくられた
75,0,112,231,国土の90%は砂漠で、ナイル川の西側にはサハラ砂漠の一部である西部砂漠（リビア砂漠）、東側には紅海とスエズ湾に接する東部砂漠（الصحراء الشرقية - シャルキーヤ砂漠）がある
76,0,160,151,イギリスは森林も少なく、日本が国土の3分の2が森林で覆われているのに対し、イギリスの森林率は11%ほどである[40]
77,0,167,245,森林[編集]
78,0,74,82,但し、国土の大部分はサルイイシコトラウ砂漠やキジルクム砂漠などの砂漠や乾燥したステップで占められている
79,0,167,261,農林業ではカカオ、キャッサバ、キャベツ、ココナッツ、米、コーヒー豆、サツマイモ、大豆、タバコ、茶、天然ゴム、トウモロコシ、パイナップル、バナナ、落花生の生産量が多い
80,0,10,143,農林産品としてはこのほか、カシューナッツや木材の輸出もある
81,0,51,117,ヨーロッパ最大の草原のひとつ （ホルトバージ国立公園）
82,0,50,164,なお紅茶ではなく中国茶が多く飲まれている[32]
83,0,91,196,フィリピン海、南シナ海、セレベス海に囲まれる
84,0,167,263,オイルパーム（アブラヤシ）から精製されるパームオイル（パーム油、ヤシ油）は、植物油の原料の一つで、1990年代後半日本国内では菜種油・大豆油に次いで第3位で、食用・洗剤・シャンプー・化粧品の原料として需要の増大が見込まれている
85,0,94,133,この砂漠は風によって絶えず景色が変化する砂砂漠（エルグ）、ごつごつした石や砂利と乾燥に強い植物がわずかにみられる礫砂漠、または植生のない岩肌がむき出しになっている岩石砂漠が広がっており、砂砂漠は一部であり、大部分は礫砂漠と岩石砂漠で占められている[10]
86,0,75,283,"国土を囲む海域には北極海の一部であるバレンツ海、白海、カラ海、ラプテフ海、東シベリア海と、太平洋の一部であるベーリング海、オホーツク海、日本海、そして西のバルト海と西南の黒海があり、海岸線は37,000kmに及ぶ"
87,0,109,370,羊肉はウズベキスタン国内でヒツジの放牧が盛んであることから一般的に販売されている肉であり、様々なウズベキスタン料理に使用されている
88,0,19,169,大鑽井盆地より更に西はグレートサンディ砂漠、グレートビクトリア砂漠、ギブソン砂漠等の砂漠が広がり、人はあまり住んでいない
89,0,29,119,資源には見るべきものがなく、わずかに塩が生産されるのみである
90,0,52,135,塩を4万トン生産する
91,0,172,566,ガンディーは「塩の行進」を開始したが成功しなかった
92,0,184,116,鉱業の対象となる唯一の資源は塩である
93,0,110,151,東はアドリア海、西でティレニア海とリグリア海、南でイオニア海と地中海に面している
94,0,160,255,有機鉱物以外では、世界第8位となるカリ塩 （KCl） 、同10位となる塩 （NaCl） がある
95,0,151,216,森林 （36%） も多い
96,0,50,163,また茶を飲む習慣も広まったが、茶は砂糖とミントを入れて沸騰させ濃いめにし小さなグラスで3回に分けて飲むというスタイルである[32]
97,0,93,110,国土の多くは草原となっており馬や牛や羊が飼育されている
98,0,168,245,西にアンデス山脈、東にはパンパと呼ばれる大草原が広がる
99,0,177,37,ウクライナの国土のほとんどは、肥沃な平原、ステップ（草原）、高原で占められている
100,0,53,338,基本的には豆やトウモロコシ、鳥肉を原材料に使ったメニューが主体になっており、他にも米や魚類、牛肉なども使われることが多く、一見単純に見えて繊細な味がその人気の理由とされている
101,0,148,294,モロッコで最も一般的に食される赤味の肉は牛肉であり、国産の羊肉は好まれるが相対的に高価である
102,0,70,16,また、かつてアイスランドの森林は乱伐が行われたことも手伝って、現在の森林面積は国土の0.3%しかない
103,0,103,71,砂漠[編集]
104,0,4,174,平原であるわずかな低地部ではコメが、国土の50%を超える山岳部では果樹などが栽培されている
105,0,92,182,1927年、国土の中央よりいくぶん海よりに位置するゾイデル海を締め切り大堤防によって海から遮ることを目論んだゾイデル海開発計画が発動された
106,0,136,100,セーシェルからは主にマグロなどの冷凍魚を日本へ輸出している
107,0,9,348,果物や野菜の輸出は、アジアと欧州市場である
108,0,58,99,農業では綿、ぶどう、野菜の栽培が盛ん
109,0,110,171,半島南部沿岸で野菜と果物が採れる
110,0,12,180,その他の鉱物資源としては塩（9万トン）がある
111,0,122,84,ボーキサイト以外の鉱物資源は金、塩のみである
112,0,109,32,残りの領土は広大な砂漠（キジルクム砂漠）と険しい山々で占められる
113,0,167,283,コプラパーム油のほか、化学繊維、パルプ、窒素肥料などの工業が確立している
114,0,61,105,対日貿易ではコーヒーの輸出が際立ち、次いで木材と綿花である
115,0,123,279,木材を輸出するため、ステナラインやワレニウス・ウィルヘルムセンといった海運業も発達している
116,0,181,123,木材は主要輸出品でアフリカ最大のチークのプランテーションがある
117,0,26,286,国土の80%がオリノコ川の流域であり、平らな大草原が広がっている
118,0,157,67,モルディブの海
119,0,139,81,国土の50.5%は森林となっている
120,0,93,206,ウルグアイ人はマテ茶をアマルゴ（砂糖なし）にして飲むことを好む
121,0,130,483,イラク国民の嗜好品としてもっとも大量に消費されているのが、茶である
122,0,140,159,政府は当時に発見されたハエがクイーンズランド・フルーツ・フライ（英語版）というオーストラリア原生種のハエであることを確認・発表しており、同時にこの種のハエが果樹園を壊滅させる恐れの強いものであることから非常事態宣言を発令し、その地域だけでなく周辺の地域においても一切の果物や野菜の収穫・出荷が禁止される事態となった[13]
123,0,30,472,おつまみ程度のものはサウガジニョと呼ばれるが、これらにはブラジル風コロッケのコシーニャやアラブ系のキビ、パステウ（ブラジル風揚げパイ）などがあり（コロッケや類似食品は存在するが珍しい）、豊富な肉や野菜、魚介類を基にしたブラジル料理が日常的に食べられている
124,0,128,138,国土の大部分を占める砂漠地帯は砂漠気候であり、年間を通して乾燥している
125,0,153,99,"なお、山地の森林は79,000haほど存在し、川沿いの森林は33,400haほど存在している"
126,0,194,130,かつては国土の9割以上を森林が占めていたものの、2000年には森林面積が39%にまで低下した[8]
127,0,13,38,ニュージーランドからは牛乳や肉その他食料品の輸入が多い
128,0,43,198,島国にもかかわらず魚の料理は少ないが、スモークサーモンは人気が高い
129,0,46,136,40万人が避難し、キブ湖の魚が全滅した
130,0,50,192,砂漠化[編集]
131,0,25,436,イスラエルの鉱業を支えているのは、カリ塩とリン鉱石である
132,0,44,119,アトラス高原には塩湖やそれが枯渇した盆地が多数ある
133,0,132,129,金属鉱物資源は産出せず、塩などが見られる程度である
134,0,168,290,国内で最も大きい塩湖はマール・チキータである
135,0,4,33,殺生を禁じている宗教上の理由と、資源保護の観点から、川で魚を取る事を禁じており、食用の魚は川の下流にあたるインドからの輸入に頼っている
136,0,70,248,主な輸出品目には金額ベースで6割以上を占める魚と魚の加工品、次いで2割を占めるアルミニウムの地金及びアルミニウム製の製品である
137,0,52,151,主要輸出品目は衣類（77.8%）、天然ゴム、木材である
138,0,158,122,1980年代までは国内エネルギー需要の95%は木炭と木材で賄われていた
139,0,111,106,国土の5分の4を占める草原ステップは牧草地に使用されている
140,0,55,250,周囲を太平洋、日本海、東シナ海、フィリピン海、オホーツク海などの海洋に囲まれる
141,0,91,3,フィリピンの東にはフィリピン海、西には南シナ海、南にはセレベス海が広がる
142,0,132,14,漢字表記では克羅地亜、呉呂茶など
143,0,80,127,これらが森林規模の縮小につながった[43]
144,0,81,125,なお、カナダの領土の54%は森林で占められている
145,0,140,162,林業、森林業が大変盛ん
146,0,164,114,また森林には粘菌が多様に生息する
147,0,192,99,そして、この森林地帯でも多くの人々が生活している
148,0,110,8,南にはティレニア海がある
149,0,19,325,先住民の伝統料理としてはカンガルー肉などのブッシュ・タッカーが知られている
150,0,110,346,また、サラミ、ハムなどの肉製品、チーズの種類の豊富なことも特徴である
151,0,174,600,全ての地域で肉はしばしばソーセージのかたちで食べられる[173]
152,0,9,271,また寒流は西岸砂漠の成因であり、アタカマ砂漠は世界で降水量が最も少ない地域となっている
153,0,50,193,国土の砂漠化が著しく、首都ヌアクショット周辺の住宅地も砂漠に飲み込まれ、放棄されている
154,0,63,20,ナミビアという国名は、同国内にある世界最古の砂漠と言われているナミブ砂漠にちなんでつけられた
155,0,130,226,ユーフラテス川の南側は、シリア砂漠とネフド砂漠が切れ目なく続いており、不毛の土地となっている
156,0,110,7,西に港へ適したリグリア海、東には大陸棚が海の幸をもたらすアドリア海がある
157,0,111,79,なお国土が海に面していないため海軍は存在しないが、モンゴル船籍の商船は世界中の海で活躍している
158,0,176,97,独立時にはバナナ、パイナップル、コーヒー、ピーナッツ、パーム油が主要輸出物であった
159,0,58,74,中央部にセヴァン湖（標高1900メートル、深さは36〜80メートル、高山の淡水湖、ここで採れる魚は「イシュハン・ヅーク（魚の王子さま）」と呼ばれる）が存在する
160,0,94,135,さらに南のサハラ砂漠は砂漠気候となる
161,0,153,90,ほぼ全域が砂漠気候である
162,0,30,251,熱帯には「セハード」と呼ばれる広大な草原が広がり、エマス国立公園も含まれている
163,0,9,289,最近では、各地で産出される良質なワイン、サーモン、木材パルプの輸出が始められた
164,0,19,190,こうした悪条件により、穀物生産や牧畜業、果樹生産など広範な分野において農業生産性は極めて低い
165,0,9,311,金属以外の無機鉱物資源では、ヨウ素、硫黄、塩、カリ塩、リン鉱石が有望であり、リン鉱石以外は世界シェア1%を上回る
166,0,70,37,人類が入植する前は、国土の1/4が樺の森林であったが19世紀まで続いた伐採により森林面積は1%に減少した
167,0,109,382,冷たいヨーグルト飲料であるアイランは夏季には人気があるものの、茶にかわる地位は獲得していない
168,0,130,488,イランやトルコなど生産地が近く、イラク国内では茶を安価に入手できる
169,0,168,504,近隣諸国と同様にグアラニー人由来のマテ茶を飲む習慣もある
170,0,127,20,スカンディナヴィア半島の西岸に位置し、北極海およびノルウェー海に面し、海岸にはフィヨルドが発達している
171,0,45,156,現在の森林面積は国土の40%以下となっている
172,0,58,75,森林は少なく、急流となった小規模な河川が多い
173,0,91,210,違法伐採による森林減少も大きな問題である
174,0,91,249,そして原生林は森林面積の13%ほどしかない[50]
175,0,93,150,前述のように森林資源に乏しい国である[9]
176,0,19,19,バサーストに始まったゴールドラッシュの開拓者に食わせる肉が必要だった
177,0,43,196,牧畜業が盛んなため、乳製品や肉、その加工食品が多く食されている
178,0,80,582,流通している肉は、牛肉が最も多く安価であり、豚肉の方が高価である
179,0,172,436,インドの養鶏は国内需要の高い肉も生産量を向上させている
180,0,177,468,さらに、肉料理としてサーロ（豚の脂身の塩漬け）が頻繁に利用される
181,0,160,414,海商都市リヴァプール
182,0,168,293,沿岸部と海[編集]
183,0,12,216,コスタではおもにコメ、バナナ、ユカイモ、魚、エビ、貝類などを主食としている
184,0,106,60,現在は、コプラ、観賞用魚や海草が生産および輸出の大半を占める
185,0,168,296,海中には多くの魚が住み、炭化水素エネルギー資源を保有していると予想されている
186,0,135,560,その他の鉱物資源では、世界第10位（市場占有率1.5%）のカリ塩、イオウ（同1.1%）、塩（同1.5%）を産出する
187,0,172,173,作物では麦の作付面積1520万エーカーの半分と、綿花では770万エーカーの3/4を分離された
188,0,74,55,モンゴル第2代皇帝オゴデイが没すると、1242年にバトゥはヴォルガ川下流のサライに都を置いて、カザフ草原（当時はキプチャク草原と呼ばれた）を中心とする自立政権ジョチ・ウルスを築いた
189,0,34,199,ベラルーシ料理は主に野菜、豚肉をはじめとするに肉類、パンから構成される
190,0,50,157,野菜も手に入るがほぼ輸入品であるため品質は悪い[32]
191,0,165,88,主な栽培作物はブドウ、コムギ、オリーブ、野菜類、葉たばこである
192,0,172,431,2003年時点で砂糖・魚介・野菜・果実は完全自給できている
193,0,192,163,雨季は稲作、乾季は野菜等の栽培を行っている農家が多い
194,0,148,177,アトラス山脈の南斜面はそのままサハラ砂漠につながっており、北部がギール砂漠、南部がドラー砂漠である
195,0,70,213,それ以外の天然資源は乏しく、塩が唯一産出する鉱物資源である
196,0,179,515,塩の食用需要は限られ、大部分は化学工業需要である
197,0,194,156,パナマの鉱業は小規模ではあるが、金と塩については経済的に採算が取れている
198,0,74,45,突厥は582年に東西に分離し、カザフ草原は西突厥が支配することとなる
199,0,168,247,ウルグアイ川とパラナ川に挟まれた地方は、メソポタミア地方でパンパと同じく草原地帯である
200,0,176,93,そこから内陸に入ると、標高は高くないが分水嶺をなすフータ・ジャロン山地があり、草原が広がる
201,0,9,268,気候は幅広く、太平洋上に浮かぶラパ・ヌイ島（パスクア島、イースター島）の亜熱帯から、国土の北3分の1を占め、世界で最も乾燥した砂漠とされるアタカマ砂漠、中央部の肥沃な渓谷地域、そして元々は森林に覆われていた湿度は高いが寒い南部、ツンドラ気候が広がる最南部のパタゴニア地方に大きく分けられる
202,0,80,139,違法伐採木材の密輸先はほとんどが中国であり、用途は高級家具や楽器である[49]
203,0,81,169,鉱物、木材、穀物は現在も重要な輸出品だが、近年は工業製品が中心となっている
204,0,115,258,チークなど木材をはじめ天然資源が豊富で、石油の生産・輸出も盛んに行われていた
205,0,194,162,また紙の原料となる木材チップの生産が盛んであり、主に日本や東南アジアの港湾に輸出される
206,0,48,23,国土の大半が砂漠と石灰岩に覆われている
207,0,79,407,西南部にはヨーロッパ最大の砂漠がある
208,0,103,72,国土の80%は砂漠地帯に属する
209,0,148,178,気候区分は、砂漠気候 （BW）である
210,0,69,22,とくにガーナ王国は、北アフリカのアラブ人から塩を輸入し金・象牙を輸出するサハラ交易（いわゆる塩金交易）によって8世紀に絶頂期を迎えた
211,0,9,442,また、南部ではアルゼンチン、ウルグアイ、パラグアイ、ブラジル南部などと同様にマテ茶を飲む習慣がある
212,0,31,52,ベンガルの東部・西部から綿織物や米の輸出が盛況を呈し、17世紀の末には、アジア最大のヨーロッパ向け輸出地域となり、大量の銀が流入し、銀貨に鋳造され、森林地帯の開拓資金に投下された[11]
213,0,81,121,東は大西洋、デイビス海峡、西岸の一部は太平洋、北はボーフォート海、北極海に面する
214,0,172,210,差し迫った次元では小麦と食用油の完全自給ができていない（2003年でも自給率はそれぞれ85%と68%）
215,0,117,155,国土の大部分は砂漠で、北部にネフド砂漠、南部にルブアルハリ砂漠（広さ25万平方km）があり、その間をアッダハナと呼ばれる長さ1500kmに及ぶ砂丘地帯が結ぶ
216,0,9,492,国花はコピウエであり、この花は南部の森林地帯に自生している
217,0,22,12,森林と農地で国土の約81%を占める[14]
218,0,37,117,国土の約40%が森林で、ブナや松などが多い
219,0,70,36,定住した人類は木炭を作るために森林を広範囲に伐採した
220,0,123,277,国土の65.9%は森林（針葉樹林）に覆われている
221,0,148,186,森林を形成しているのはコルクガシであり、特に大西洋岸に目立つ
222,0,173,11,スロベニアの国土の半分以上は森林に覆われている[15]
223,0,127,86,ノルウェーで捕れる魚とロシアの穀物を取引し、どちらの社会においても重要度が高かった
224,0,168,501,アルゼンチンには肉料理が多いことから、それと相性がよいとされる赤ワインが特に多く、品質も優れている
225,0,29,20,"ポルトガルの冒険者ジャイメ・コルテサンはアラブ人は塩田に塩を取りに来ていた事を記録しており、Sal Island （Salt Island, サル島、塩の島）を指していると思われる"
226,0,113,507,メコンデルタで栽培できる野菜類は、ナス、キュウリ、トマトなどのほかに、ミント類がある
227,0,39,89,標高と海からの距離により少し異なる
228,0,103,65,ここには死海もあり、標高が極めて低い
229,0,192,96,ラオスは、海と接しない内陸国である
230,0,70,237,さらに天然資源の加工品としてコンクリートがあり、非常に高価な輸入木材に代わってほとんどの建築に利用されている
231,0,94,127,ステップ高原の南には平方5000kmのジェリド湖（塩湖）がある
232,0,102,237,日本でもルシア塩満、上松美香などがプロのアルパ奏者として活躍している
233,0,179,519,金属資源では、金、銀、その他の地下資源ではカリ塩、硫黄を採掘している
234,0,149,291,イラン東部の中央盆地は乾燥しており、年間降水量は200mmに満たず、砂漠が広がる砂漠気候となる
235,0,115,396,"海側はアンダマン海とベンガル湾に面し、海岸線の全長は約2,000kmである"
236,0,118,357,ジョージア経済は伝統的に、黒海観光、柑橘類、茶やブドウの生産を中心としてきた
237,0,168,498,魚は、大きなスーパーや中国人街以外ではメルルーサ（タラ）かサケくらいしか売っていないが、イグアスの滝に近い北部の亜熱帯地方ではスルビ（ナマズの一種）、クージョのアンデス山脈付近ではトゥルーチャ（マス）など、川魚を食べる地方もある
238,0,48,24,ケッペンの気候区分は砂漠気候（BW）
239,0,50,96,近年サハラ砂漠の砂漠化の拡大が問題となっている
240,0,62,118,北西部はナミブ砂漠の延長部である
241,0,104,120,最南部の海岸は砂漠気候さえ示す
242,0,128,130,サハラ砂漠のリビア部分を特にリビア砂漠と呼ぶ
243,0,130,330,ナツメヤシはペルシャ湾、メソポタミアの砂漠地帯の原産である
244,0,131,111,砂漠から離れた北東部は湿度が高くなる
245,0,161,71,沿岸部は高温多湿だが、内陸は砂漠である
246,0,190,58,ルブアルハリ砂漠ではベドウィンがラクダの遊牧を行っているだけである
247,0,192,97,国土の多くが山岳で占められており、隣国に比べて比較的森林資源が多く残っていた地域であるが[14][15]、近年急激な森林破壊が問題となっている
248,0,110,118,1977年、もれた政財界のスキャンダルが世論という火に油を注ぎ、諜報機関は若干の改革を余儀なくされた
249,0,130,344,食品工業は、デーツを原料とする植物油精製のほか、製粉業、精肉業、皮革製造などが中心である
250,0,118,48,石器の石材には主として地元産のフリントや黒曜石が用いられ、牛や豚などの牧畜を行い、ブドウを含む果樹の栽培も行われた[34]
251,0,123,281,"1980年代では、国内の85,000の湖沼のうち、18,000で魚がほとんど死滅、激減した[40]"
252,0,192,114,そのため藻類やプランクトンなどが多く発生し、草食性・プランクトン食性の魚の藻場になっている
253,0,194,15,国名の由来はインディオ（インディヘナ）のクエバ人の言葉で、「魚が豊富」を意味する言葉から来ているとされている
254,0,74,20,イッセドネス人は故人の肉を食す民族であり、アリマスポイ人は一つ目の民族であるという
255,0,90,106,中でも、粗糖、牛肉、豚肉、羊肉、鶏肉、ビールなどの食品工業が充実している
256,0,15,189,アフガニスタン国境はカイバル峠、インドとの国境には大インド砂漠（タール砂漠）が広がり、その南にはカッチ大湿地が分布する
257,0,36,242,また、これらの河川の流域には熱帯雨林が形成され、森林資源となっている[25]
258,0,80,129,残された森林地域でも、その80パーセントで間伐が行われている[44]
259,0,134,29,現在の課題は、財政赤字、森林破壊およびマラリア対策である
260,0,153,98,"森林面積は4,130,000haで、そのほとんどは天然林である"
261,0,55,741,そのため、魚介類や海藻、野菜や山菜、果物など様々な食品が自然の恵みとして得られる
262,0,130,326,野菜・果実ではトマト （100 万トン）、ぶどう （33 万トン） が顕著である
263,0,135,503,東部では柑橘類、コメ、南部ではオリーブ、ぶどう、野菜、コメ等の生産が盛んである
264,0,170,116,野菜ではトマト（1.1万トン）、次いでキャベツ（2000トン）の生産が盛ん
265,0,61,90,"木材伐採は外国企業により行われ、政府に毎年6,000万ドルの収入をもたらす"
266,0,75,358,これが2003年になるとアルミニウム（アルミニウム合金を含む、22.4%）、魚介類、石炭、木材、原油となった
267,0,18,133,2004年時点では塩が1.9万トンに減少、その他の鉱物は記録されていない
268,0,91,2,7000以上の島を領有する島国であり、フィリピン海を挟んで日本とパラオ、ルソン海峡を挟んで台湾、スールー海を挟んでマレーシア、セレベス海を挟んでインドネシア、南シナ海を挟んで中国およびベトナムと対する
269,0,28,13,通称はハイチ、漢字表記は海地
270,0,108,3,海を隔てて西にはモザンビークがあり、東南にはマダガスカルがある
271,0,23,128,スリランカの主な経済部門は観光産業、茶の栽培、繊維産業、それに稲作やその他農産業である
272,0,102,230,マテ茶はグアラニー人から受け継がれてきた飲み物であるが、テレレそのものはチャコ戦争のころに生まれたようである
273,0,127,3,国土は南北に細長く、海岸線は北大西洋の複数の海域、すなわちスカゲラック海峡、北海、ノルウェー海およびバレンツ海に面している
274,0,90,103,ココヤシの胚乳から作るコプラとコプラを圧搾して抽出するパーム油は、いずれも世界第6位の規模である
275,0,142,448,ただし、贅沢からは縁遠い、穀物、食用油、水道などの特定の品目への増値税には低減税率13%が適用される
276,0,170,125,2008年までの油価高騰により石油ガスがGDPの50%、輸出の85%、政府収入の70%を占めるようになった
277,0,55,662,日米安全保障条約に基づき、在日米軍が駐留する[176]
278,0,151,285,穀物としては小麦、トウモロコシ、ライ麦、米が用いられ、米はヨーロッパで最多の消費量である
279,0,112,227,これは、ナイル流域以外が全域砂漠であり、居住者がほとんどいないことによるものである
280,0,130,252,イラクの気候は、ほぼ全土にわたり砂漠気候に分類される
281,0,131,110,その他、半砂漠植生、マングローブ沼地などの地形がみられる
282,0,1,159,内陸国のため、魚介類ではチチカカ湖のトゥルーチャ（鱒の一種）やペヘレイといった川魚が食べられる
283,0,19,139,なお、羊が重宝されたのは羊毛に関してだけでなく、まだ冷凍船がなかった頃、肉類の中で羊肉が長持ちしたためである
284,0,50,156,肉は伝統的にヤギ、ラクダ、鶏が食されるが、イスラム教国であるため豚肉は流通していない[32]
285,0,124,209,路上の屋台で売られている物も、ピカロンガ（色々な肉を揚げたもの）やエンパナーダにサラミ等、揚げ物がほとんど
286,0,74,53,カザフ草原の西の大部分はテュルク系のキプチャクの領土であり、東の大部分はカラ・キタイの領土であった
287,0,168,506,ファストフードとしては、チョリソをパンに挟んだチョリパン（英語版）という料理があり、チミチュリや野菜などのトッピングもなされる
288,0,187,117,農業では、牛肉を産する牧畜は盛んであるものの、野菜は南アフリカ共和国からの輸入が多い[17]
289,0,18,177,ミジケンダのカヤの聖なる森林群 - （2008年、文化遺産）
290,0,19,115,狩猟採集民族は森林、硬葉樹林を開拓するためなどに使用した
291,0,55,245,国土の約70%が山岳地域であり、森林率は約67%である
292,0,67,104,モーリシャスの環境は、沿岸地域では一般的に熱帯であり、山地には森林がある
293,0,91,246,アメリカ領土になった当時の1898年、国土の70%は森林で覆われていた
294,0,93,108,森林は約90万haしかなく国土の5%に過ぎない[9]
295,0,156,31,大部分が海抜100m以下の低地で森林に覆われる
296,0,102,204,また林業関連加工企業も数えるほどしか存在せず、木材乾燥技術や製材技術などは育成が不十分である[8]
297,0,147,101,鉱業ではアルコア（旧Reynolds Metal）やリオ・ティントなど、木材では韓国/マレーシア合弁など外資が参入している
298,0,22,242,2013年3月6日付の朝鮮労働党機関紙『労働新聞』が「米帝が核兵器を振り回せばわれわれは精密核打撃手段でソウルだけでなくワシントンまで火の海にするだろう[75]」と大韓民国とアメリカ合衆国を並べて非難したように[76]、北朝鮮、朝鮮民主主義人民共和国は南韓、大韓民国を「米帝の傀儡」だと看做し（「南朝鮮傀儡」）、特に米韓合同軍事演習実施の度に関係が悪化する
299,0,18,130,主な鉱物資源はソーダ灰、塩、マグネシウム鉱物、蛍石、石灰岩、金である
300,0,34,168,ベラルーシの鉱業は、原油、天然ガス、ソリゴルスクで採掘される岩塩（カリ塩 KCl）に限定されている
301,0,172,5,インド本土は、インド洋のうち西のアラビア海と東のベンガル湾という二つの海湾に挟まれて、北東部をガンジス川が流れている
302,0,100,274,アルコール飲料としては、ビール・ワインが生産されているほか、地酒としてタッジ（蜂蜜酒）・テラ（麦やトウモロコシが原料のビールに似た飲料）・アラキ（蒸留酒）がある
303,0,91,238,主食用にはコメ、トウモロコシを産し、特に米の生産が多く、毎年約1500万トンもの米を産出する世界第8位の米生産国であるが、その自給率は低く、大量の米を輸入している
304,0,168,463,最終的にインディヘナの伝統的な文化（マテ茶の回し飲みなど）はこの文化的領域に吸収された
305,0,185,282,また、いろいろなハーブティーが薬用としても飲まれており、ボリビアやアルゼンチン北西部と同様にコカ茶も供されている
306,0,15,144,ビンラーディンは頭部を撃たれ死亡、遺体は米軍により確保されたとオバマ米大統領より発表された
307,0,26,338,サウジアラビアに次ぐ埋蔵量の超重質油がオリノコ川流域に存在し、ベネズエラ湾にも膨大なガスがある
308,0,170,108,現在、油価は低下したものの炭化水素はカタールの背骨であり続けるが、政府は知識集約型の民間投資も促進しようとしている
309,0,49,12,水位の下がった海、引き潮）から転じたという説が有力
310,0,55,251,本州と四国との間の海は瀬戸内海と呼ばれる
311,0,125,4,美しい海と珊瑚礁に恵まれ、「カリブ海の宝石」と呼ばれている
312,0,182,170,石油は南方のティモール海の海底油田より産出されている
313,0,100,263,エチオピアの主流の文化であるアムハラ文化において、主食はテフなどの穀粉を水で溶いて発酵させ大きなクレープ状に焼いたインジェラであり、代表的な料理としてはワット、クックル（エチオピア風スープ）、トゥプス（焼肉・炒め肉・干し肉）などがある
314,0,24,137,ビクトリア湖で捕獲されるナイルパーチ（スズキに食感が似た淡水魚）は加工され、世界各地に輸出されている
315,0,15,122,対米関係[編集]
316,0,25,232,米以関係[編集]
317,0,135,305,そこで米西戦争が勃発した
318,0,149,496,米料理が多く食べられる
319,0,91,251,旧来型の焼畑農業の拡大や新たな農地を森林の開墾により求める手法は、地域住民の貧困の解消と森林の破壊をトレードする図式となっており歯止めがかかりにくい状況になっている
320,0,9,254,北部の砂漠地帯（Norte Grande）では年間を通してほとんど雨が降らない
321,0,30,249,近年、環境破壊によるアマゾン川流域の砂漠化が問題となっている
322,0,44,113,国土の大部分を砂漠が占め、乾燥した平原地帯となっている
323,0,44,132,地中海沿岸以外の国土の大部分は、砂漠気候となっている
324,0,103,90,東部砂漠のRishaガス田を1987年に発見した
325,0,148,216,農業などに利用できない砂漠で、再生可能エネルギー発電を拡大している
326,0,155,84,国土の北部はサヘル地帯にあたり、砂漠化が少しずつ進行している
327,0,190,68,しかし砂漠地帯であるため農業は振るわず、昔ながらの遊牧を営むものも多い
328,0,61,89,国土の37パーセントを占める南部熱帯雨林は木材の供給源だが、大部分の土地は入るのが困難である
329,0,29,160,野菜は1年の大半を通してジャガイモ、タマネギ、トマト、マニオク、キャベツ、ケール、乾燥豆が利用される
330,0,94,190,食品工業は、6000万本にも及ぶオリーブから採取したオリーブ油と、加工野菜（缶詰）が中心である
331,0,106,80,主な輸出品は、コプラ （63.7%）、魚介類 （20.9%）、野菜 （7.7%） である
332,0,92,106,厳罰によって実施されたこの制度で、ジャワ農民は稲や麦という自給食料を失い、1843-48年には飢饉に苦しみ多数の餓死者を出したと言われている
333,0,142,432,この投信会社は米大統領とも関係しており、米中の緊密な政治経済関係を表現した
334,0,34,27,ベラルーシの主な天然資源は森林で、国土の45.3%もの面積を占めている
335,0,91,247,航空写真での森林調査が始まった1968年には、55.5%が残されていた
336,0,102,163,森林面積は約780万haで国土の20%を占める[8]
337,0,159,54,アフリカ森林には、ゾウ、ゴリラ、チンパンジーなどの大型哺乳類が多数生息している
338,0,102,228,パラグアイ人にも近隣諸国の国民と同様にマテ茶を飲む習慣があるが、パラグアイ人は好んでテレレを飲む
339,0,74,193,カザフスタンは資源に恵まれている一方、品位の低さなどから開発に至った鉱山は確認埋蔵量の35%にすぎず、10種の鉱物（ダイヤモンド、錫、タングステン、タンタル、ニオブ、ニッケル、ボロン、マグネサイト、マグネシウム塩、カリウム塩）は未だ開発されていない
340,0,1,69,海に面していないのに海軍をもっている国には、他にパラグアイやオーストリアなどがある
341,0,71,47,本土北部はオマーン湾とアラビア海（インド洋）に面する
342,0,113,337,広成はその後、中国に脱出し、渤海経由で帰国している
343,0,115,4,南西はベンガル湾、南はアンダマン海に面する
344,0,122,71,モンテゴ・ベイの付近の海はモンテゴ・ベイ海洋公園となっている
345,0,160,129,アイリッシュ海は、グレートブリテン島とアイルランド島の間に位置する
346,0,177,126,ルーシは、北方のバルト海とフィンランド湾から南方のウクライナ草原まで、そして西方のカルパティア山脈から東方のヴォルガ川まで広がっていた[32]
347,0,177,154,15世紀後半に、リトアニア・ロシア・クリミアが接する地域、「荒野」と呼ばれるウクライナの草原において、コサックという武人の共同体が成立した
348,0,91,250,森林の減少は21世紀に入っても続き、2003年に256万haの面積であった閉鎖林（面積の40%以上が樹木に覆われた森林）は、2010年に193万haにまで縮小
349,0,103,66,この地域は冬でも温暖であり、近年の灌漑技術の発達により、野菜や果物の一大生産地に変貌した
350,0,105,267,地中海世界の食文化のひとつであるレバノン料理は、野菜やハーブ、オリーブ油を多用した料理が多いことに特色がある
351,0,123,275,果実類と野菜類、油脂類を除く各項目の自給率はいずれも80%を上回る
352,0,35,161,北部はヌビア砂漠、南部はステップ気候であり、サヘル地帯が広がっている
353,0,71,49,全土が砂漠気候に属し、ワジを除き通常の河川が存在しない
354,0,112,246,乾燥が激しく地形がなだらかなため、特にリビア砂漠側にはワジが全く
355,0,114,122,また、このような砂漠気候では農業は発達せず、食料は外国に大きく依存している[17]
356,0,128,129,国土の大部分がサハラ砂漠の一部であり、面積の大半を砂漠が占める
357,0,153,83,ウズベキスタンとの国境付近に位置する北東地域にはキジルクム砂漠が在る
358,0,175,102,国土の大部分は、平坦な砂漠地帯であり、南部には砂丘も見られる
359,0,175,104,南部はサウジアラビア領に広がるルブアルハリ砂漠の一部であり、リワなどのオアシスがある
360,0,189,97,北部は熱く乾いたハルマッタン風が吹き砂漠化を進める
361,0,190,51,紅海沿岸、西部山地、東部山地、北のルブアルハリ砂漠である
362,0,4,232,食文化においては、ブータンの主食は米
363,0,45,245,米、豆、トルティーヤなどが主に食べられている
364,0,64,269,日米交流の始まり[編集]
365,0,192,160,ラオス人の主食はもち米である
366,0,152,70,主な輸出品はコーヒー豆、綿花、茶、砂糖、皮革であるが、コーヒー豆だけで外貨収入の8割を占める
367,0,172,559,イギリス東インド会社は茶、アヘン、インディゴなどのプランテーションを拡大し、19世紀後半にはインドでの鉄道建設を推進した
368,0,194,157,2003年時点の金の採掘量は1.6トン、塩は2.3万トンである
369,0,70,214,森林資源は、かつてはカバ林が存在したが、開拓の時代に燃料資源として使い尽くされた
370,0,80,122,中央高地を覆っていた森林の開墾は、遅くとも西暦600年までには始まっていた[42]
371,0,80,123,16世紀には、中央高地にもともとあった森林のかなりの部分が消え去ってしまっていた[38]
372,0,91,245,豊富な森林を有しているため、林業は盛んであり、マホガニー、ラワン材なども重要な輸出品となっている
373,0,97,161,2002年には、森林および泥炭地における火災が原因で旱魃（干ばつ）も起きている[35]
374,0,103,55,東部は乾燥した森林高原で、オアシスと季節的な川の流れがあり、灌漑されている
375,0,110,197,森林はまず古代ローマ人によって、その後19世紀に大部分が伐採されてしまった
376,0,25,416,イスラエルの農業技術は先進的で、国土のほとんどが砂漠または半砂漠で降雨量も少ないといった農業には厳しい環境ながら食糧のほとんどを自給でき、農産物の輸出も行う農業大国である[210]
377,0,69,107,国の65%が砂漠（サハラ砂漠）と半砂漠であり、南部の低地サバナから北東部丘陵で標高1000メートルに達するものの、一部の山地を除けは全般的に平坦な地形をしている
378,0,44,114,しかし、北部には2000m級のアトラス山脈が走り、地中海沿岸は雨量も多く、草原なども広がり、国民の約95%がこの地域に居住している
379,0,34,170,農業では、麦類の生産に向く気象条件から世界第4位（150万トン、2002年）のライ麦を筆頭に、大麦、燕麦の生産が盛ん
380,0,93,202,隣国アルゼンチンと同じく大畜産国である歴史を反映して、ウルグアイではアサードやチュラスコ、チョリソなど肉を多く食べる
381,0,156,110,結果として、現在では国際的に競争力のある基幹産業と呼べるものは見当たらず、木材加工や金属などの産業がラトビアの産業を支えている
382,0,172,14,南にはインド洋があり、南西のアラビア海と南東のベンガル湾に挟まれている
383,0,182,154,オーストラリアとは後述のように、ティモール海の資源権益を巡る紛争を抱える
384,0,192,164,生産高は、2005年コメ57万トン、野菜類77.5万トンである[26]
385,0,22,339,同時に米軍兵器の近代化と展開能力の向上により、想定される戦闘の様相が、米軍が駐留し始めた頃とは異なってきているため、米軍が韓国に駐留する必要性は減少している
386,0,12,215,ただし、エクアドルはケチュア系の人々が多く暮らす国ではあるが、ペルー、ボリビアとは違ってエクアドルではコカ栽培は非合法であるため、コカ茶は飲めない
387,0,23,162,しかし、この茶栽培は、病気（コーヒーさび病（英語版））によって壊滅的打撃を受けたコーヒー栽培の代替であったことは、あまり知られていない
388,0,91,168,米比両国は2016年3月、米軍がフィリピン国内の5基地を利用する協定を結んだ
389,0,143,41,マーシャル諸島の主要放送局はCPNがあり、ほかに在マーシャル諸島米軍から放送されている米軍放送も受信できる
390,0,34,203,来賓や訪問客を迎えた家の主人はパンと塩を提供するが、歓迎の意思を示す伝統的なしきたりである
391,0,106,59,商業的に成立しうるリン酸塩の鉱床は、1979年の独立とちょうど同時に枯渇してしまった
392,0,172,452,カルカッタは西のフーグリー川と東の塩湖に囲まれ、かつては海抜10メートル以下で、排水に難儀した
393,0,22,182,近年は[いつ?]中国の砂漠化の進行に伴う黄砂被害の拡大が問題となっている
394,0,35,162,北部は乾燥した砂漠気候であり年間降水量は100mm以下である
395,0,63,101,この高原は国土の東端まで続くが、東端に近い地域はカラハリ砂漠に属する
396,0,63,106,最高地点はナミブ砂漠北部のブランドバーグ山 （標高2606m） である
397,0,112,248,ナイル以東のシャルキーヤ砂漠は地形がやや急峻であり、ワジがいくつか存在する
398,0,141,153,ここには砂漠を進む商隊の灯台として使われたと推定されているブラナの塔が残る
399,0,187,47,中西部の大半がカラハリ砂漠に覆われており、北には沼地地帯が広がる
400,0,187,49,南部はほぼ砂漠になっており、リンポポ川とモロポ川が南アフリカとの国境になっている
401,0,80,508,東部方言は東部森林地帯と中央高地で話され、アンタナナリヴのメリナ方言が含まれる
402,0,91,252,2010年代に入るとベニグノ・アキノ大統領は、森林回復に向けた植林プログラムを実施
403,0,119,105,ビクトリア滝に代表される観光資源だが森林破壊による野生動物の減少が深刻化している
404,0,146,160,）に配属され、非戦闘員としてインフラ建設や森林保護、災害救助などの分野で働くことになっている
405,0,167,278,鉱山採掘に伴い森林伐採で付近住民と土地問題で争いが起こる[53]
406,0,197,97,2006年にイギリスの探検隊がニュングウェ森林にナイル川の源流を発見したと発表した
407,0,64,292,冷戦後の日米関係[編集]
408,0,35,166,南部のコルドファンや西部のダルフールでも事情は同じで、雨季には農耕も行われ、さらに雨を受けて広大な草原となった土地を牧草地として、盛んに牧畜がおこなわれる
409,0,151,284,ポルトガル料理は魚介類を使うことが多く、イワシ、サバ、アンコウなどの多様な魚の中でも、特に干鱈（ほしだら、バカリャウ）がよく用いられる
410,0,172,70,ギリシア系エジプト人商人が著した『エリュトゥラー海案内記』によれば、1世紀にはデカン高原にサータヴァーハナ朝がローマ帝国との季節風交易で繁栄（海のシルクロード）
411,0,12,223,シエラの料理で代表的なものは豚肉のフリターダや羊肉のセコ・デ・チーボ、スープのロクロなどの名が挙げられる
412,0,30,327,鶏肉については加工肉を中心に日本に相当輸入されているものの、牛肉については口蹄疫などの検疫上の問題が依然として存在している
413,0,92,252,豚には2種あり、国内向けにはオランダ肉用豚が、輸出用にはベーコン、ハム用豚が飼育されている
414,0,91,239,特に米に至っては世界最大の米輸入国であり、アジア有数の農業国でありながら、大量の食糧を世界から輸入するというジレンマに陥っている
415,0,170,75,一方で、同年6月には米海軍と、同じく8月には米軍パラシュート部隊との合同軍事演習を行っている[18]
416,0,43,141,野菜類ではテンサイ（砂糖大根、150万トン）が飛び抜けており、次いでキャベツ（5万トン）の栽培が盛ん
417,0,94,171,ヨーロッパに比べて早い収穫期を生かした小麦の栽培と輸出、乾燥気候にあったオリーブと野菜栽培が農業の要である
418,0,30,473,南部三州では、ウルグアイ、アルゼンチン、パラグアイといったラ・プラタ諸国と文化が近いため、グアラニー人起源のマテ茶を飲む伝統がある
419,0,116,256,マレー料理の代表として、ココナッツミルクで炊いたご飯に油で揚げたにぼし・ピーナッツ、ゆで玉子・きゅうりを乗せ辛いソースを添えたナシレマッがあげられる
420,0,23,84,セイロン島はインド洋にあり、ベンガル湾の南西、アラビア海の南東に位置する
421,0,40,89,バーゼルは、内陸国であるスイスが水運を通じて海と繋がる唯一の貿易港となっている
422,0,41,184,工業化が進んでいるのは北西部のマルマラ海沿岸地域が中心である
423,0,43,108,大西洋の北東部にあり、東のアイリッシュ海でグレートブリテン島と隔てられている
424,0,55,266,周囲を海に囲まれた島国であることから、海上交易・漁業ともに盛んな海洋国家である
425,0,71,3,アラビア半島の東端に位置し、アラビア海（インド洋）とオマーン湾に面する
426,0,76,9,本土の東にはエーゲ海、西にはイオニア海、南には地中海が各々位置する
427,0,85,2,島国であり、海を隔てて北にグレナダ、北東にバルバドス、南にベネズエラが存在する
428,0,91,197,フィリピン海のフィリピン海溝は太平洋側にあり、世界3位の深さである
429,0,103,4,イスラエル・パレスチナ暫定自治区とはヨルダン川と死海が国境である
430,0,129,16,国旗のデザインは海を表す青地に月を表す黄色い丸が配置されている
431,0,131,109,河川の流入が無いことから海の透明度が高くダイビングが盛んである[12]
432,0,147,91,ガイアナは海亀（主にオサガメ）と他の野生動物の繁殖地である
433,0,164,53,ペツァモ州にはニッケル鉱床と国内唯一の不凍港と北極海への出入り口があった
434,0,68,20,紀元前2000年から紀元前1000年にかけて、アーリア系諸部族がユーラシア草原から中央アジアに移住し、オアシス地方で独自の文化を創り上げていた
435,0,14,186,丘陵地帯となっており、国土は平野でほぼ占められていて山がほとんど存在せず、小高い丘や森林が点在するのみである
436,0,70,215,現在、国土に占める森林面積はわずか0.3%に過ぎず、矮小なポプラやトネリコが残るのみである
437,0,148,193,国土の12%を森林が、18%を農耕地が占め、農耕地の内5%は灌漑されている
438,0,50,97,ケッペンの気候区分によれば、全土が砂漠気候であるが、南部のサヘルはステップ気候になる
439,0,57,208,アイル・テネレ自然保護区は国土中央部の山地及び砂漠地帯である
440,0,73,164,北部はサヘルと呼ばれる半砂漠で湖水面積縮小の著しいチャド湖がある
441,0,141,87,隣国のカザフスタンや中国とは異なり、国内に砂漠は存在せず、この地方の中では気候に恵まれている
442,0,170,94,国内の大部分は不毛な砂漠であり、最も高い地点で海抜103メートルである
443,0,116,258,マレーシア人は良く魚を食べており、魚介類消費量は1人当たり年56.5キロと日本より多い
444,0,69,102,トンブクトゥはニジェール川がもっとも北に湾曲した部分に存在する砂漠の都市であり、マリ帝国からソンガイ帝国時代には大繁栄したものの、交易ルートの変化や周囲の砂漠化によって現代では小都市に過ぎなくなっている
445,0,97,334,また、トラカイに住むカライ派の人々は、肉のペストリーの一種でキビナイ[72]と呼ばれる伝統的な料理を作る
446,0,129,57,食料がアメリカによって豊富に供給されたことにより、蛋白源が伝統的な魚介類から輸入肉製品中心となり、肥満の問題も発生している
447,0,28,197,そのためキャッサバ、ヤムイモ、トウモロコシ、米、豆を多用する
448,0,36,217,また戦後の食糧難の時代にコロンビアは日本に米を送った
449,0,52,41,米軍と南ベトナム軍による地上侵攻も行われている
450,0,64,288,日米安全保障体制の構築[編集]
451,0,83,106,農業が主で、落花生や米が主要生産品
452,0,93,144,東部のブラジルとの国境付近の県では米が栽培されている
453,0,115,248,主要農産物は米で、農地の60%を水田が占める
454,0,120,120,農業の生産品目はピーナッツ、トウジンビエ、綿花、米などである
455,0,146,214,米や小麦、トウモロコシ、ジャガイモ、ジュートなどが主たる農産物である
456,0,178,138,農作物ではアブラヤシやコーヒー、ココア、米、サトウキビなどが栽培されている
457,0,23,161,茶の生産量では世界第4位（2014年）[56]であり、スリランカ産紅茶は『セイロンティー』と呼ばれ、世界に輸出される名産品である
458,0,70,232,1990年代後半からは安価な電力を使いアルミニウムの精錬（融解塩電解を行うために大量の電力を必要とする）事業も活発になった
459,0,179,513,もっとも規模が大きい鉱物資源は世界シェア8位（3.3%）の塩（700万トン、2002年時点）である
460,0,1,84,国土の約9%を占めるコチャバンバ県やラパス県ユンガス地方などの、アンデス地帯とアマゾン地帯の中間に位置する場所はバジェ （valle） 地域と呼ばれ、温暖で果樹栽培などに適した気候である
461,0,22,25,その後、1948年に米軍統治下の朝鮮のみで独立することが決まると、米軍は憲法制定（制憲）国会を招集して独立準備に当たらせた
462,0,11,5,マレー半島北部の西はアンダマン海、東はタイランド湾に面する
463,0,92,174,オランダの国土は海側から海岸沿いの砂丘部、ポルダー、東部の高地である
464,0,115,397,両海の境となるアンダマン諸島とニコバル諸島はどちらもインド領である
465,0,116,97,熱帯気候だが海に囲まれるため気温は余り高くなく、湿度は1年を通じて高い
466,0,172,4,海を挟んでインド本土がスリランカやモルディブと、アンダマン諸島がインドネシアに近接している
467,0,74,57,15世紀末、ジョチ・ウルスの東部（現在のカザフ草原）において、ウズベクと呼ばれる遊牧集団からアブルハイル・ハンが頭角を現し、ウズベク・ハン国を建国させる
468,0,19,122,アボリジニの伝説によると、氷河期の終焉は早く（あっという間に訪れた）、海面の上昇（陸地の失現）とともに、魚が天から降って来た、津波があったと伝えられている
469,0,185,279,アマゾンの密林地帯では料理用のバナナ（プランテイン）を含め多くのフルーツやアマゾンで獲れる淡水魚（ピラニアも含め）や陸生の動物も食べられている
470,0,30,343,森林率の減少に歯止めが掛からない状況から、近年では人工衛星画像を使った監視網などが整いつつある
471,0,58,76,森林地帯は国土の15%で、可耕地は17%、牧草地は30%、乾燥不毛地は18%を占めている
472,0,69,109,ケッペンの気候区分によれば気候は北部が砂漠気候、南西部は亜熱帯気候である
473,0,74,85,国の南部は東西にわたり砂漠が発達し、アラル海の縮小に表されるように灌漑が重要な課題である
474,0,100,144,ソマリアとの国境を接する東部のオガデン地方はエチオピア高原からソマリアの砂漠へ下る地形
475,0,114,106,ケッペンの気候区分では、国土のほぼ全てが砂漠気候 （BW） であり、山地・丘陵などはなく、平地である
476,0,190,13,一方、大部分が砂漠地域の中にあってイエメンの肥沃さを表すユムン （yumn） に由来するという説もある
477,0,80,132,たとえば、国立公園で希少木材を伐採することは2000年から2009年までの間、ラヴァルマナナナ政権下では禁止されていたが、2009年1月に少量であれば認めることとなった
478,0,70,293,しかし、漁業以外にも伝統的に狩猟によって海鳥を食べてきており、また牧畜が比較的盛んであり、食肉も生産されていて肉料理も食卓にのぼる
479,0,109,376,マンティやチュチュヴァラ（英語版）、サムサは小麦粉で作った生地に肉などの具を詰めた後、蒸す、焼く、揚げるなどした餃子に近い料理である
480,0,130,484,国連の統計によると、1983年から1985年の3年間の平均値として国民一人当たり2.63 kgの茶を消費していた
481,0,109,215,また、綿花栽培に農地の大半を割いているため、各種穀物・果実野菜類を産する土地を有しながら、その食料自給率は半分以下である
482,0,100,198,エチオピアの鉱業は、金（2003年時点で5.3トン）、銀（1トン）、塩（6万1000 トン）に限定されている
483,0,90,32,しかし、1942年5月に行われた珊瑚海海戦の結果、海からのポートモレスビー攻略を諦め、1942年8月にはソロモン海岸からオーエン・スタンレー山脈越えでポートモレスビーを陸路攻略する作戦が実行された
484,0,15,50,これに対し、日米がインド・パキスタン両国へ経済制裁を課した
485,0,55,610,メキシコ:中米諸国の中で最も関係が深い
486,0,113,583,概して米食文化であり、麺類も米粉製が多い
487,0,130,325,逆に、米の生産量は13 万トンと少ない
488,0,135,310,"米西戦争は「大惨事（""El Desastre""）」として語り継がれた"
489,0,144,144,米やキャッサバ粉から作られた食物なども好んで食べる
490,0,172,408,それまで全ての形態の米の輸入はインド食料公社によって独占されていた
491,0,183,118,農業では米、アブラヤシ、ラッカセイ、コーヒー、ココアなどが主に行われている
492,0,196,188,その後、米ドナルド・トランプ政権下では関係が再び冷え込んでいる
493,0,49,3,島国であり、海を隔てて北西にアメリカ合衆国のフロリダ半島が、南西にキューバが、南東にハイチが存在する
494,0,75,288,また、アジア部の大河はアムール川を除いて南から北へ流れ、北極海へ注ぐ
495,0,92,294,欧州連合の海の玄関口ともいわれるユーロポート港が、ライン川の河口（ロッテルダム）にある
496,0,107,2,島国であり、海を隔てて北西にフランス領グアドループが、南東にフランス領マルティニークが存在する
497,0,109,5,国境を最低2回越えないと海に達することができない、「二重内陸国」の1つである
498,0,137,57,年間平均気温は27 °Cほどだが、周囲を海に囲まれているために32 °Cを超えることは少ない
499,0,142,124,東部と東南部は韓国、日本、フィリピン、ブルネイ、マレーシア、インドネシアと海を挟んで接している
500,0,142,384,それまで南通銀行は、広東省の珠海市を地盤とする、中国銀行の完全子会社であった
501,0,191,39,海岸地帯には珊瑚礁が発達している場所もあるが、急激に300メートル以上の海崖の場所もある
502,0,61,115,ドゥアラから南へ約150キロのクリビ港はかつて木材の輸出港だったが、チャドのドバ油田からの原油パイプラインが伸びており、原油積出基地がある
503,0,24,19,紀元前10世紀頃に、現在のカメルーンに相当する地域からバントゥー系民族がタンザニアの森林部に移住した
504,0,61,42,海岸平野はギニア湾から15キロ - 150キロまで広がり、森林で覆われ、平均標高は90メートル
505,0,80,116,この森林喪失を大きく加速させているのが、マダガスカルに最も早くから住み着いた人々が持ち込んだタヴィ（tavy）と呼ばれる焼畑である[38]
506,0,80,118,島内の人口密度が上がり、森林喪失が加速度的に早まったのが今から1400年前ごろである[40]
507,0,159,53,国土の80%以上が森林で、近隣諸国と比べ人口密度が低いため、手付かずの豊かな自然が多く残されている
508,0,174,197,ブナ、カシ、およびその他の落葉樹が森林の3分の1を構成しており、また針葉樹が植林の結果、増加傾向にある
509,0,184,97,エルサルバドルの国土の約10パーセントが森林地帯となっているが、そのうち80パーセントが植林により再生したものであり、自然林はほとんど残っていない
510,0,90,104,2004年時点の生産量はコプラ（8.5万トン、世界シェア1.6%）、パーム油（33万トン、世界シェア1.2%）
511,0,9,436,トマト、ジャガイモ、トウモロコシ、牛肉、羊肉が使われ、長い海岸線を有するために大海産国であることもあって魚介類を使う料理も多い
512,0,179,522,世界一の生産高を誇るワイン、世界第2位のチーズのほか、バター、肉も5本の指に入り、製糖業も盛んである
513,0,6,183,内陸部に入るに従い乾燥の度合いが激しくなり（BS）、イラク国境周辺は砂漠気候 （BW） となっている
514,0,25,383,南部のネゲブ砂漠は国土のかなりの割合を占めており、乾燥し切り立った山々が存在する[192]
515,0,112,5,南北に流れるナイル川の河谷とデルタ地帯（ナイル・デルタ）のほかは、国土の大部分が砂漠である
516,0,130,249,ネフド砂漠から連なるアルガダーフ・ワジ （Wadi al-Ghadaf） など複数のワジと地下水によって形成されている
517,0,153,97,上述の通り、国土のほとんどがカラクム砂漠で占められている為、植物の生息域は非常に狭められている状況である
518,0,93,205,ラ・プラタ諸国の中でも特にマテ茶を好む国であり、アルゼンチン人とウルグアイ人を見分ける時は、マテ壺を24時間手放さないのがウルグアイ人であるといわれている
519,0,13,84,輸出品は、野菜や果物、アメリカで人気の高いフィジーウォーター、砂糖、マホガニー、パルプ、衣料品、コプラ、ココナッツ石鹸、食料品などである
520,0,91,242,かつては緑の革命により、1970年代から1980年代を通して米の大増産に成功し、米自給率100%を達成し、米輸出国となったが、1990年代に入ると、緑の革命は頭打ちを迎えるようになり、生産量の横ばいになり、あるいは化学肥料の使いすぎ、水資源の枯渇などで生産量の減少さえ引き起こし、工業化による農地減少もあって、再び米輸入国に逆戻りしてしまう
521,0,28,133,プレイヌ・デュ・クル=ド=サクは自然沈下によりトルー・カイマンやハイチ最大の湖であるラク・アズエイといった塩湖を抱えている
522,0,124,116,国内最高峰のドゥアルテ峰から85km程南西には標高マイナス40mの塩湖エンリキーリョ湖が存在し、これはカリブ海でも最も低いものである
523,0,64,268,日本の敗戦後、米ソ冷戦を背景に日米同盟が結ばれ、政治・経済・軍事・文化など多方面で主に米国主導の密接な関係を築いている
524,0,47,33,天然ガス、カリ鉱石、鉛、亜鉛などの資源も存在するが、開発はあまり進んでおらず、GDPの5割以上、輸出額のほとんどを石油、木材に頼っている状況である
525,0,75,357,日本への輸出の変化を見ると、1992年時点は魚介類、木材の2品目で50%弱を占め、アルミニウム（アルミニウム合金を含む）、石炭、白金が次いだ
526,0,25,248,しかし、後に述べる南アは英米金融史の一舞台であった
527,0,52,147,主要穀物では米（417万トン）の生産に特化している
528,0,64,272,ただし、その日米貿易は日本とオランダ商館との関係に配慮した特殊なものであった
529,0,75,327,同国の米はウズベキスタン、タジキスタン、トルクメニスタン、トルコにも輸出されている[38][39]
530,0,113,282,詳しくはベトナム戦争（ベトナムでは「抗米戦争」と言われている）を参照
531,0,130,142,連合国暫定当局（米英共同統治）[編集]
532,0,172,410,2002年4月に米・小麦の輸出制限が廃止された
533,0,172,429,米輸出量では2012-2013年に世界一を記録した[59]
534,0,172,576,冷戦終結を契機に印米関係は改善を見せ始める
535,0,177,440,米軍はウクライナ軍へ兵器供給と訓練を実施している[97]
536,0,192,159,まず、自給米を確保して余剰分を販売し、現金収入とする
537,0,1,89,ボリビアでは3月23日を「海の日 （día del mar）」として「海を取り戻そうキャンペーン」をおこなっている
538,0,19,107,スンダ列島から海の短い距離の部分を渡って Sahul へ、続いて陸橋を渡って来たと考えられている
539,0,27,123,ボスニア・ヘルツェゴビナは、海に面した国としてはモナコに次いで世界で2番目に短い海岸線を持っている
540,0,33,45,アンティグア島とバーブーダ島との周囲には危険な岩礁が点在しており、昔から海の難所だったと言われている
541,0,43,39,"アイルランドは陸（en）海（en）空三軍を擁し、平時の兵力は8,500名"
542,0,87,3,北欧諸国の1つであり、北では海を挟んでスカンディナヴィア諸国、南では陸上でドイツと国境を接する
543,0,116,2,タイ、インドネシア、ブルネイと陸上の国境線で接しており、シンガポール、フィリピンと海を隔てて近接する
544,0,126,29,3世紀に入り、海進によって居住地を失った人々が大規模な移住をはじめた
545,0,135,493,北と西は大西洋に面し、北部で面している海域はカンタブリア海（ビスケー湾）と呼ばれる
546,0,136,85,セーシェルは「インド洋の真珠」と呼ばれており、主に西欧から美しい海に魅せられて、観光客が押し寄せたためである
547,0,167,7,海を隔てて近接している国家は、パラオ、インド（アンダマン・ニコバル諸島）、フィリピン、シンガポール、オーストラリアである
548,0,9,259,バルディビアからプエルト・モントまでの南部地域（Zona Sur）は森林地帯の続く牧畜に適した湖水地方であり、火山地域である
549,0,168,499,アルゼンチンの主菜である肉料理は実に多彩であり、特にアサード、ビフェ・デ・チョリソ（サーロインステーキ）、チョリソや臓物も含んだ焼肉の盛り合わせであるパリージャ（Parrilla）が有名である
550,0,130,486,国が豊かになるにつれて茶の消費量は増えていき、2000年から2002年では、一人当たり2.77 kgを消費し、世界第一位となった
551,0,135,353,ブルゴスを拠点とする反乱軍は、勢力圏内で全国小麦生産の2/3と、じゃがいも・野菜の半分以上と、砂糖の九割を生産した[66]
552,0,148,233,品目は、 機械類 （15.9%） 、 衣類 （14.4%） 、化学肥料 （8.8%）、野菜・果実 （7.9%）、魚介類 （7.6%） である
553,0,9,43,山脈や砂漠により、周辺地域から遮られた孤島のような地形のチリでの主産業は、ペルー向けの小麦の生産などとなった
554,0,35,197,とりわけ湾岸アラブ諸国は、国土の大半が農業に不向きな砂漠のため食料供給地としてのスーダンに着目している
555,0,64,342,西部は一般的に乾燥していてステップ気候が広く見られ、メキシコ国境付近では砂漠気候が確認できる
556,0,111,105,"あとの国土は高山砂漠とステップの植生が南の海抜平均1,000メートルのゴビ砂漠まで続いている"
557,0,117,210,ただ、砂漠気候であるため、わずかな期間に集中して降り、数日経てば再び乾燥するため水資源としての価値はない
558,0,130,262,砂漠気候を中心とする乾燥した気候、5000年を超える文明の影響により、野生の大型ほ乳類はほとんど分布していない
559,0,149,292,特にパキスタンに近い南東部砂漠地帯の夏の平均気温は38°Cにも達する酷暑地帯となる
560,0,153,82,うち9割がカラクム砂漠で国土面積の多くを占めており、国土の北方はトゥラン低地で占められている
561,0,168,248,南緯40度付近に位置するコロラド川以南をパタゴニア地方と呼び、荒涼たる砂漠が広がっている
562,0,172,312,国土の西部には岩と砂のタール砂漠があり、東部と北東部の国境地帯は峻険なヒマラヤ山脈が占める
563,0,175,108,砂漠気候（BW）のため、年間通じて雨はほとんど降らないが、冬季に時折雷を伴って激しく降る事がある
564,0,185,215,アンデス山脈から多くの川が東西に流れており、西に流れる川はコスタの砂漠を潤す役割を果す
565,0,111,109,"モンゴルで見られた植物種のうち75パーセントが絶滅、森林伐採により川の水位は半減、北方の森林地帯を中心に3,800の河川と3,500の湖があったが、2000年以降、約850の河川と約1,000の湖が地図上から完全に姿を消している"
566,0,22,219,1950年に勃発した朝鮮戦争以来、朝鮮戦争休戦後の1953年に締結された米韓相互防衛条約に基づいた米韓同盟によりアメリカ軍と緊密な繋がりがあり、しばしば朝鮮半島有事を想定した米韓合同軍事演習を実施している
567,0,133,56,シンガポールには山と呼べる高さの山はないため、川の流れは非常に緩やかで、人々が川で蟹や魚を採る光景をみかけることもあるが、流れが緩やかなこともあり、水質は濁流であまり良くない
568,0,4,233,トウガラシの常食と乳製品の多用という独自の面を有しつつ、赤米を中心に、パロ米（日本米）、プタ（蕎麦）の栽培、リビイッパ（ブータン納豆）、酒文化（どぶろくに似た醸造酒「シンチャン」や焼酎に似た蒸留酒「アラ」）などの日本人の琴線に触れる習慣も多い
569,0,22,338,一方、1999年の老斤里事件報道後、在韓米軍に対する反感が強まり、2002年に米軍車両に韓国人女子中学生が轢き殺された事件（議政府米軍装甲車女子中学生轢死事件）によって米軍に対する反感がいっそう高まった
570,0,75,326,"加えて、米の栽培効率は1ha辺り7,100kgで、ヨーロッパに於いて米を生産する国で知られるスペイン、イタリアに比較しても多いものとなっている上、アジア諸国より多い"
571,0,10,21,新石器時代後期に位置づけられるこの文化の人々は、森林とサヴァンナの境界地帯に住み、交易を行いつつも狩猟と採集によって暮らしていた
572,0,168,269,多くの地域では雨が少なく、北は寒くて南は不毛の地であるが、西部の周辺には森林があり、後述するように幾つかの大きい湖も点在する
573,0,29,126,また、美しい海と風光明媚な自然から観光業が成長しており、主要な外貨獲得源のひとつとなっている
574,0,48,16,国名のبحرينは[3]アラビア語で「二つの海」という意味であり、島に湧く淡水と島を囲む海水を表すとされている
575,0,98,3,島国であり、海を隔てて北にセントビンセントおよびグレナディーン諸島、北東にバルバドス、南にトリニダード・トバゴとベネズエラが存在する
576,0,110,160,アペニン山脈はイタリア半島の気候をアドリア海側とティレニア海側とで非常に異なったものにする役割を果たしている
577,0,116,165,マレー半島は海のシルクロードと呼ばれており、中世の頃に中国、インド、中東そしてヨーロッパからも貿易商人が訪れた
578,0,121,2,島国であり、海を隔てて北にフランス領マルチニーク、南にセントビンセント・グレナディーン、南東にバルバドスが存在する
579,0,150,2,島国であり、海を隔てて北西にイギリス領アンギラ、東にアンティグア・バーブーダ、南西にイギリス領モントセラトが存在する
580,0,168,295,大陸の上陸可能地点は非常に広く、アルゼンチンではこの広大な大西洋の浅瀬はアルゼンチン海と呼ばれる
581,0,74,21,アリマスポイ人は絶えず近隣の民族を攻撃しており、そのため西隣のイッセドネス人は西へ移動し、その西にいたスキュタイ人は西へ移動し、さらに西（南ロシア草原）にいたキンメリア人を追い出すこととなった
582,0,76,246,新大陸に原産地とされて以降食として加えられるトマトや他の野菜を多彩に使用する点が特徴とされているが、これは一定期間、肉食を禁じられるというギリシア正教会における戒律にある
583,0,92,213,チューリップや野菜、チーズ等の乳製品で有名な農業分野は、非常に近代化されているが、国内経済に占める規模は21世紀の現在では数パーセントに過ぎない
584,0,19,90,通称、Australia 発音（豪）[ヘルプ/ファイル] 発音（米）[ヘルプ/ファイル]
585,0,19,153,英米と協同歩調を取った2003年のイラク戦争にも参加した
586,0,53,224,デモの要求は、「NAFTAの農業条項について米、カナダと再交渉すべきだ」を掲げている
587,0,80,578,マダガスカルの米の消費量は、日本の約2倍に及ぶ[160]
588,0,82,86,農業は砂糖、米、バナナ、柑橘類などで、漁業ではエビが欧州や日本に輸出されている
589,0,91,149,国軍は治安対策であり、米軍が外的対策を担当した[31] [32]
590,0,95,116,また、法律は英米法なため安心してビジネスを行えることもハブになりうる一因である
591,0,110,341,主にパスタやパンを主食とし、北部のポー川流域では米をよく食べる
592,0,172,425,2006年には450万トンを輸出する主要な米輸出国である
593,0,196,399,キューバ料理はスペインとアフリカの影響が強く、米、豆、豚肉を多用する
594,0,35,170,北部の砂漠と紅海沿岸は一年中、日中の気温が40°Cを超す炎熱の地である
595,0,44,189,南部の砂漠地帯には少数派の約150万人の遊牧民（ベドウィン）やスーダン系黒人が住む
596,0,69,127,しかし国土全域におおいて灌漑設備が弱く、また砂漠化の影響を受け、収量は天候に大きく左右される
597,0,80,72,西部はさらに乾燥しており、島の南西部と南部の内陸は、半砂漠気候（ステップ気候）が広がる[12]
598,0,172,336,南インドは一年中暑いが、夏季の気温は北インドの方が砂漠気候であるために大幅に上回る
599,0,12,234,イカサとは対照的に、ウンベルト・マタが『塩』（1937）で描いたインディオは、政府軍に対しての抵抗は失敗するものの、イカサのインディオ像には欠けていた人間の尊厳を持ち合わせていた
600,0,120,123,2002年のセネガルの総漁獲量は36万トンであり、このうち4万トンがニシン科の魚であり、加工してケチャと呼ばれ干物として国内市場に流通する[20]
601,0,102,202,木材生産は農牧地の拡大にともない年々増加しているが[8]、利用される樹種はラパチョなど10種類程度しかなく[8]、残りの樹種は焼却処分されている[8]
602,0,55,506,日本はサンフランシスコ講和条約にもとづき1952年（昭和27年）4月28日に主権が回復するが、依然として在日米軍に自国の安全保障の大部分を依存している関係は続き、翌年には日米安全保障条約が締結されいわゆる「日米同盟」が成立した
603,0,64,221,また、統合軍として地域別、機能別に編成されており、アメリカ合衆国国内以外にも、イギリス、イタリア、ドイツ、日本（在日米軍）、大韓民国（在韓米軍）、カタール、キューバ（グァンタナモ米軍基地）、クウェート、サウジアラビア、ジブチ、スペイン、トルコ、バーレーン、ベルギーなどに在外米軍基地が存在する
604,0,130,487,日本茶業中央会の統計によると、2002年から2004年では戦争の影響を被り消費量が2.25 kgと低下しているが、これでも世界第4位である
605,0,168,495,あまり日本では知られていないが、冷凍船の発明・普及とともに世界的な大畜産国として発展の基礎を築いただけあって、肉料理などを中心に充実した食文化の歴史がある
606,0,80,128,マダガスカル島を覆う森林は1950年代から2000年の間に、その面積の約40パーセントが失われたと推定されるが、この推定はそれでも控えめな見積もりである
607,0,162,112,その西は、ミオンボ森林に覆われたニアサ高原やナムリ高原（シレ高原）、アンゴニア高原、テテ高原、マコンデ台地のような険しい高原である
608,0,167,247,大気中の二酸化炭素を吸収する役割を担う森林は、適切な利用・管理により地球温暖化防止に役立つ[45]
609,0,52,143,トウモロコシ、キャッサバ、甘薯、野菜類、緑豆などの食料作物、落花生、大豆、胡麻、サトウキビ、タバコ、ジュートなどの工芸作物の作付面積は非常に狭い[18]
610,0,175,171,デーツなどを栽培する在来のオアシス農業のほかに、海水を淡水化して大規模な灌漑農業をおこなっており、野菜類の自給率は80%に達している[17]
611,0,142,48,一方の中国側も、蒋介石政権が対米関係を重視して四大家族がアメリカ政府へのロビー活動（チャイナ・ロビー）を働きかけ、米中関係は政治・経済面でより親密なものとなっていった
612,0,56,3,海を隔てて約200kmの北西にセントルシア、西にセントビンセント・グレナディーン、南西にグレナダとトリニダード・トバゴが存在する
613,0,80,354,現在のマダガスカル軍は、陸・海・空の三軍制で、すべてが内務大臣の指揮下に置かれる[100]
614,0,142,14,"同国の太平洋に沿った海岸線は14,500kmの長さで、渤海、黄海、東シナ海、南シナ海に囲まれている"
615,0,167,215,このため、同海域の「北ナトゥナ海」への改称やナトゥナ諸島への軍配備などで対応している（詳細は「ナトゥナ諸島」を参照）
616,0,167,268,海に囲まれた群島国家であるため水産資源も豊富だが、漁業や水産加工の技術向上、物流整備が課題となっている
617,0,177,38,ドニエプル川、ドネツ川、ドニエステル川が横切っており、南のブーフ川とともに、黒海、アゾフ海に注ぎ込んでいる
618,0,182,7,南方には、ティモール海を挟んでオーストラリアがあり、それ以外はインドネシア領東ヌサ・トゥンガラ州（西ティモールを含む）である
619,0,63,94,ナミビアは全土が乾燥帯に属し、海岸部および南部が砂漠気候、北東部はステップ気候に属する[10]
620,0,117,157,砂漠と紅海の間には中央山地（北のヒジャーズ山地から南東のアシール山地）があり、標高2500m前後に達する
621,0,130,391,気候区と関連付けると砂漠気候にある土地はアラブ人が、ステップ気候や地中海性気候にある土地にはその他の民族が暮らしていることになる
622,0,131,107,海岸平野部は、アファール盆地にあり、ダナキル砂漠と高温の影響のため降水量が300ミリ以下と少なく乾燥している
623,0,25,144,1992年、米ソ共催によるマドリード中東和平国際会議が開かれた
624,0,40,157,1932年2月、ここへインペリアル・ケミカル・インダストリーズが参加して日米がアウトサイダーとなった
625,0,52,142,食料作物と主要な工芸作物の作付面積を見ると米が圧倒的に多い
626,0,55,509,日米関係は親密であるがゆえに時として摩擦も大きくなることがあり、ジャパンバッシングのような現象が起きることがある
627,0,64,53,日本語における表記「亜米利加合衆国」略して「米国」（べいこく）・「米」（べい）と呼ばれる場合が多い
628,0,64,266,いわゆる「黒船来航」で始まった日米関係は日本が鎖国から脱する端緒ともなった
629,0,81,44,アッパーおよびローワー・カナダは米英戦争（1812年戦争）の主戦場となった
630,0,86,222,2012年にはバスケットボールニカラグア代表が中米選手権初出場を果たした
631,0,147,97,主要産業は農業で米、砂糖、ラム酒、鉱業はボーキサイトや金などを生産する
632,0,182,167,石油以外の主要産業は農業で、米やトウモロコシ、コーヒー豆などが生産されている[9]
633,0,182,169,かつての独立闘争の影響が残り、米やトウモロコシの主食は近隣諸国からの輸入に依存している
634,0,196,221,アンゴラ内戦ではキューバは米中の影響力排除を目的に派兵した[25]
635,0,10,48,英領ゴールド・コーストにおいては、従来の金や木材に加え、1879年にテテ・クワシによって持ち込まれたカカオ豆の栽培が急速に普及し、1911年には世界最大の生産国となった[5]
636,0,55,103,約3万年前には朝鮮半島と海峡で隔たり、約1万2千年前の前後に最終氷期が終わると6千年前頃まで100m以上の海進が進んだ（縄文海進）
637,0,102,46,前任者の公有地化政策によりカルロス・ロペスの時代には国土の98%が公有地となっていたが、この土地制度を利用してマテ茶やタバコなどを栽培し、保護貿易によって莫大な黒字を上げた
638,0,144,108,このほか商品作物としては、砂糖（総輸出の9.5%、2013年）や茶（総輸出の7.1%、2013年）、落花生（総輸出の5.0%、2013年）などが生産されている[19]
639,0,64,315,外務事務次官・駐米大使を歴任した村田良平はアメリカの日本に対する在日米軍負担要求について、米軍の沖縄駐留はすべてアメリカ側都合で決定したものであるため筋違いであると述べている[76]
640,0,178,90,6月17日には政府と停戦合意するが、7月8日にアフリカを訪問したブッシュ米大統領に対し、対リベリア平和維持部隊への米軍の参加を求める声が高まった
641,0,168,251,ブエノスアイレスの西と南に広がる草原は湿潤パンパ（スペイン語版、英語版）と呼ばれ、ブエノスアイレス州とコルドバ州のほぼ全てと、サンタフェ州とラ・パンパ州の大部分を占める
642,0,80,61,南西部の乾燥落葉樹林は、当地の人口が少ないため、東部の熱帯雨林や中央高地に本来あったはずの森林と比較すると、よく保存されている
643,0,80,115,人類がおよそ2350年前にマダガスカルに初めてわたったときから、そこにもともとあった森林は失われ始め、今ではその90パーセント以上を喪失した[37]
644,0,18,132,塩9.2万トン、金16kg、蛍石10万トン、採掘後、工場で加工されたソーダ灰24万トンも記録されている
645,0,192,180,しかしながら、険しい山脈が縦横に広がる国土、未整備な交通インフラなどのため、2003年時点では、石炭（29万トン）、スズ（300トン）、塩（5000トン）に留まっている
646,0,9,319,その他にはビーニャ・デル・マルなどのビーチ・リゾートも存在するが、寒流であるペルー海流（フンボルト海流）の影響のため、チリの海は海水浴には適していない
647,0,15,190,北部高地からアラビア海（インド洋）に流れ出すインダス川は流域に主要な平野（北のパンジャブ、南のシンド）を形成する
648,0,75,285,特に北極海に面した地域をはじめ、冬季は北極寒波の影響が強いため厳寒であり、氷点下を下回る日が長く続く
649,0,77,78,周辺を海に囲まれているにもかかわらず漁業はほとんど行われておらず、2002年時点の漁獲高はわずか20トンに過ぎない
650,0,142,334,1992年7月、海虹集団（現招商局港口控股）が香港で上場した
651,0,182,152,対中接近の背景には、経済を支えるティモール海の既存油田が数年内に枯渇するとの危機感がある
652,0,50,92,全土がサハラ砂漠に位置するため、国土の90%以上が砂漠であり、中央部にリシャット構造と呼ばれる同心円状の特徴的な地形がある
653,0,57,190,これに次ぐのは北部の砂漠地方を中心に居住する遊牧民トゥアレグ族であり、全人口の9.3%（2001年）を占める[44]
654,0,74,221,国土の大部分は砂漠や乾燥したステップで占められており、そのため人が住めるところは少なく、人口の大半は首都と一部の地域に偏在している
655,0,111,108,"近年、国土の90パーセントで砂漠化が進行しており、6万9,000平方キロメートルの牧草地帯が姿を消した"
656,0,112,256,国土の全域が砂漠気候で人口はナイル河谷およびデルタ地帯、スエズ運河付近に集中し、国土の大半はサハラ砂漠に属する
657,0,117,212,もともと砂漠であるため都市部には排水路などの水害対策の設備が全くなく、毎年水害によって数十人の死者が出ている
658,0,130,227,砂漠側は高度1000 mに達するシリア・アラビア台地を形成しており、緩やかな傾斜をなしてユーフラテス川に至る
659,0,153,2,カラクム砂漠が国土の85%を占めており、国民のほとんどは南部の山沿いの都市に住んでいて、豊富な石油や天然ガスを埋蔵する
660,0,171,74,1991年11月から東京農業大学がジブチ農業省と共にジブチ国内で砂漠緑化事業を行っていた[8]
661,0,23,127,茶や天然ゴム、コーヒー、砂糖といった作物の生産・輸出はいまだこの国において重要なポジションを占めるが、産業化により食品加工や繊維産業、電気通信それに金融といった分野の重要性も増加している
662,0,22,69,米軍軍政下の朝鮮半島南部にはいくつかの政治勢力が存在した[35]
663,0,91,75,その後1944年末に米軍が反攻上陸すると、フィリピン・コモンウェルスが再び権力を握った
664,0,113,284,米中央情報局（CIA）は、秘密戦争をタイ王国、ラオス、カンボジアで開始していた
665,0,113,428,細長いS字に似た国土の形状を、ベトナムでは米かごを吊るす天秤棒に喩えている
666,0,115,322,しかし、中国とロシアが拒否権を発動し、否決された（賛成は米、英、フランスなど9カ国
667,0,133,173,2018年6月12日の米朝首脳会談でもホスト国となった
668,0,196,98,この他、1960年7月に国有化された米系企業から幾つかをピックアップする
669,0,196,159,その後、2017年に就任したドナルド・トランプ米大統領は、キューバに再び厳しい姿勢を示している
670,0,185,278,シエラ（山岳地帯）では旧文明の食文化が多く残っており パチャマンカ料理やエクアドルやボリビアのように、クイと呼ばれる天竺鼠や、アルパカの肉も貴重な蛋白源として食べられている
671,0,64,247,米西戦争以前は、モンロー主義に代表されるような孤立主義政策だったが、米西戦争以後は、後発帝国主義国として外国への軍事介入や傀儡政権を樹立して間接支配する外交政策を繰り返した
672,0,102,156,東部は国土の40%、人口の97%近くを有し、丘陵と平原が交錯する地形で、森林と肥沃な大地からなり、アマンバイ山脈がブラジルとの国境を形成している[7]
673,0,174,167,南西ドイツ中部山岳階段状地域にはオーデンヴァルトや、ドイツ語で「黒い森」を意味するシュヴァルツヴァルトの標高1000mを超える広大な森林がある
674,0,34,174,羊皮の生産量は世界第4位（8万トン）であり、カリ塩の採掘に支えられたカリ肥料の生産は世界第3位（369万トン）となっている
675,0,153,131,しかし、2019年1月から、サパルムラト・ニヤゾフ前大統領が電気、ガス、飲料水については1993年から、食卓塩については2003年から無償供給としていた制度を止め、有償化した
676,0,22,348,しかし、2014年2月末以降、日韓の歴史問題をめぐるシャーマン米国務次官の発言、韓国国内でのリッパート駐韓米大使襲撃事件の発生、中国主導のアジアインフラ投資銀行への韓国の参加表明などにより米韓関係には不協和音が生じていると報道されており、4月には米韓連合軍の防衛力強化を主要議題として米韓国防相会談がセッティングされたが、中国への配慮から米国が求めている最新鋭ミサイル防衛システム「最終段階高高度地域防衛（THAAD）」の在韓米軍への配備は議題に含まないとされた[110]
677,0,19,106,沿岸はティモール海域、ニューギニアに伸び、ともに1つの陸地（サフル大陸）であり、アラフラ海、カーペンタリア湾、トレス海峡をつないでいた
678,0,19,191,また河川から海に流入する栄養分も貧弱なため、漁業生産もその広大な排他的経済水域から考えると非常に少ないとされる[45]
679,0,43,247,アイリッシュ海の両側の国で作ったラグビーのドリームチームのブリティッシュ・アンド・アイリッシュ・ライオンズで主将を務めたのはブライアン・オドリスコルだった
680,0,54,301,北朝鮮は「ソウルを火の海にする」発言などのように激しく韓国を非難する一方で、時に同一民族であることを強調した宥和姿勢を見せることもある
681,0,92,72,相対的安定期、オランダのゾイデル海開発がヴァイマル共和政の合理化景気を一部支えた
682,0,109,30,ウズベキスタンは世界に2つしか無い二重内陸国（もう一つはリヒテンシュタイン）であり、海へと出るためには国を2つ越える必要がある
683,0,142,125,海岸線は約1万8000キロで、中国大陸の東部は渤海、黄海、東シナ海に、南部は南シナ海に臨んでいる
684,0,160,108,香港を返還したことで、イギリスは主要な植民地のほぼ全てを喪失することになり、世界の7つの海を跨いだイギリス帝国は消滅していった
685,0,186,51,国境を接する全ての国が内陸国である「二重内陸国」（海に出るために少なくとも2つの国境を越えなければならない国のこと）である
686,0,15,193,気候は、中南部が砂漠気候 （BW）、北部がステップ気候 （BS）、北部山岳地帯が温帯夏雨気候 （Cw） となっている
687,0,131,28,ダナキル砂漠は現生人類（ホモ・サピエンス）が進化した場所であり、近くにあるエリトリアは氷河期終わりには既に現生人類が暮らしていた
688,0,149,287,テヘランなどの内陸高地はステップ気候から砂漠気候に属し、冬季は寒く、最低気温は氷点下10度前後まで下がることもあり降雪もある
689,0,22,220,協定により平時の作戦統制権は韓国軍が単独行使するが、有事の際の戦時作戦統制権は少なくとも2020年代半ばまでは米軍と共同行使するため米韓連合司令部がおかれている[68]
690,0,113,145,1963年11月22日にケネディ大統領が暗殺され、ジョンソンが米大統領に就任すると、1964年8月2日と4日のトンキン湾事件以降、米軍は戦争に直接介入するようになる
691,0,22,329,また、韓国人の米国への移住が許可され、在米韓国人は200万人に達している
692,0,31,202,それによって、二期作や三期作の可能な地域も増加して米の生産量が大幅に増大した[26]
693,0,55,517,日米豪の防衛首脳会談が行われたこともあり、経済、軍事、外交などで共同歩調を取る
694,0,64,81,1850年代、鎖国状態だった日本へ食料や燃料調達のために開国させることを目的に米軍艦を派遣
695,0,64,95,米比戦争を行い数十万人のフィリピン人を虐殺し独立を鎮圧する
696,0,89,73,通貨マナトが対米ドルで急落しており[10]、年を追うごとに数値は低くなっている
697,0,112,101,軍事貢献により帳消しとなった債務は、クウェート、サウジアラビアに対するものと、さらに対米軍事債務67億ドルであった
698,0,161,172,Barriss（米）とbasto（パスタ）は一般的な食材だが、季節によって独特のフレーバーと多くのスパイスが加えられる
699,0,172,203,こうして米系銀行がインドの資金を出すようになり、B・K・ネルーは1961年に駐米大使となった
700,0,196,105,米ソの妥協によって核戦争は回避されたものの（キューバ危機）、アメリカとキューバの関係は一挙に悪化した
701,0,110,344,また沿岸部は魚を食べるが、内陸部はほとんど食べない、シチリア島はマグリブの食文化の影響があり、北東部はオーストリア料理やハンガリー料理など中欧に近い食文化があるなど地域色豊かである
702,0,94,128,この塩湖の北にある町メトラーウィやその西のルダイフでは19世紀の末からリン鉱石の採掘が開始され、現在ではその産出量は世界第5位で、チュニジアの主要な輸出品ともなっている
703,0,80,79,「自然学者にとっての約束の地」の森林は、生物多様性保全の上で重要な存在であるが20世紀末の時点で90パーセントが失われたと推定されている[17]
704,0,167,267,この2000年代以降のエステート作物面積の急激な拡大によって、森林破壊や泥炭湿地の埋立及びこれに伴う火災の発生などの環境破壊が進んでいることが指摘されている[50]
705,0,192,169,焼畑は太陽エネルギーと水循環がもたらす森林植生回復力に依存した農業であるため、土地への執着は少なく、集落内外での移住を人々はいとわない[25]
706,0,55,193,1952年、サンフランシスコ平和条約発効によって日本は全権を回復し、資本主義陣営（西側諸国）の一角として国際社会に復帰したが、同時に成立した日米安全保障条約によって日本への在日米軍駐留は継続された
707,0,19,110,ニューギニア、インドネシアとの動物・植物種の共有は、当時の陸橋の結果で、最後の氷河期の終わりに海面が上昇し、ニューギニアとの間は海でへだてられた
708,0,53,421,太平洋とカリブ海の豊かな海に包まれたメキシコでは、スポーツフィッシングやサーフィン、スキューバダイビングなど、マリンスポーツが盛んに行われ、多くの観光客を呼び込んでいる
709,0,75,5,海上境界線としては、日本とはオホーツク海・宗谷海峡・根室海峡・珸瑤瑁水道、アメリカ合衆国とはベーリング海峡でアラスカ州と接する
710,0,111,107,重要な河川はバイカル湖にそそぐセレンゲ川と、アムール川を経てオホーツク海（太平洋）にそそぐヘルレン川がある
711,0,135,3,本土以外に、西地中海のバレアレス諸島や、大西洋のカナリア諸島、北アフリカのセウタとメリリャ、アルボラン海のアルボラン島を領有している
712,0,142,553,更に、深圳、珠海などの経済特区では省外からの人口流入が激しく、広東語が解らない者が多数派になりつつある
713,0,160,309,周囲を海に囲まれている上、世界中に植民地を持っていたことから古くからの海運立国であり、P&Oやキュナード・ラインなど多くの海運会社がある
714,0,165,29,イタリア半島北東部、周囲をイタリア共和国に囲まれた面積61平方キロメートルの小規模な内陸国であり、海には面していない[1]
715,0,9,314,19世紀に火薬の原料として世界最大の産出量があったアタカマ砂漠のチリ硝石は20世紀に入ると化学製品に押され役目が終わった
716,0,48,95,また西部の港町ザラク近郊の砂漠地帯であるサヒールにサーキットを建設し、F1開催の誘致に成功、2004年からバーレーンGPを開催している
717,0,50,104,モーリタニアは国土のほとんどが砂漠に覆われ、可耕地は国土のわずか0.4%に過ぎないため、農業は南部のセネガル川沿岸および各地のオアシスで行われるにすぎない
718,0,69,164,非マンデ系民族の音楽も注目されるようになり、北東部出身のトゥアレグ人のグループ、ティナリウェンによる「砂漠のブルース」がポピュラー音楽として知られるようになる[27]
719,0,50,160,沿岸部では魚も食されるがタコやイカは気味悪がられているため、日本の協力により蛸壺を使う日本式のタコ漁が盛んになっても食べる習慣は無く[32]、全て輸出に回されるため首都ですら流通していない[32]
720,0,30,252,また、北東部は、沿岸部では大西洋岸森林が、内陸部では乾燥したセフタン（ポルトガル語版、英語版）が広がり、セフタンはしばしば旱魃に悩まされてきた
721,0,74,61,18世紀になると、カザフ・ハン国は政治的統一を失い、東部の大ジュズ（Ұлы жүз）、中部の中ジュズ（Орта жүз）、西部の小ジュズ（Кіші жүз）という3つの部族連合体に分かれて草原に居住するようになる
722,0,54,372,2018年からは緊張緩和の方向となり、6月に史上初の米朝首脳会談が行われた
723,0,91,48,1898年、米西戦争勃発により、アメリカ合衆国はエミリオ・アギナルド[7]らの独立運動を利用するため支援した
724,0,93,240,インヴァソール（競走馬） - 2006年の米年度代表馬、同年の世界トップレートを持つ
725,0,113,299,米軍に侵攻され、多大な被害を受けたにもかかわらず、政府・国民とも親米的な珍しい例である[47]
726,0,172,428,穀物収穫面積の約4割が水田であり、米の生産量は中国に次いで世界2位である
727,0,179,378,1941年には南部仏印への進駐も行われたが、これは日米交渉において決定的な破局点となった
728,0,192,192,ラオスの酒といえば、米を原料とする焼酎ラオ・ラーオがあるが、生産は家内制手工業レベルにとどまる
729,0,143,12,1788年、イギリス東インド会社は、オーストラリアのニューサウスウェールズに寄港していたスカーボロー号（船長:マーシャル）とシャーロット号（船長:トーマス・ギルバート）に、茶の輸送のために広東への回航を指示すると共に、その航路周辺海域の調査を依頼した
730,0,8,105,海への出口となるアドリア海の港湾はモンテネグロ領であり、セルビア・モンテネグロ時代までは形式上は同じ国の一部であったが、モンテネグロの独立によって完全に内陸国となった
731,0,19,125,周りは荒い海であったために、16世紀頃の世界地図にTerra Australis Incognita（テラ・アウストラリス・インコグニタ、「南方にある未知の大地」という意味）と表されていた
732,0,25,379,ジュディアの丘陵にあるエルサレムから海岸沿いのテルアビブまで、また、標高835mにあるエルサレムから海抜下398mの死海までならば、1時間とかからない
733,0,41,157,国土はヨーロッパ大陸とアジア大陸にまたがり、北の黒海と南のエーゲ海・地中海を繋ぐボスポラス海峡・マルマラ海・ダーダネルス海峡によって隔てられる
734,0,129,121,温暖な気候と美しい海を求めた日本や台湾などの近隣諸国からの観光客が多く、それらのための大規模なリゾートホテルが数多く運営している
735,0,154,215,海を持たないマケドニアの南の隣国であるギリシャは、呼称問題を理由にマケドニアに対して経済制裁を行い、国内経済は壊滅的な影響を受けた
736,0,176,29,1970年11月22日、緑海作戦（ポルトガルの植民地戦争中のギニアビサウ独立戦争の戦闘のひとつ）
737,0,69,103,マリ最東端の都市であるガオも砂漠気候に属するが、ニジェール川本流沿いに位置するため豊かな水に恵まれ、マリ北部最大の都市となっている
738,0,131,114,南東部高原にはアフリカ大地溝帯の一部で海抜マイナス75mの低地ダナキル砂漠がエチオピアから広がり、その東は火山地帯となっている
739,0,170,95,この砂漠の地下にドゥハーン油田（英語版）が存在、一方世界最大級のノースガス田はカタール半島北東からイラン方向の海底に広がる
740,0,12,225,乾燥したトウモロコシをゆで塩で炒め卵・牛乳・ねぎで炒めた「モテ・ピージョ」、トウモロコシを寒冷地で干し豚のラードで炒る「トースタッド」、粗挽きトウモロコシを皮に包み蒸した「ウミータス」という料理がある
741,0,74,65,"こうしてロシア帝国に組み込まれたカザフ草原は、アクモリンスク州,セミパラチンスク州,セミレチエ州,ウラリスク州,トルガイ州,シルダリア州の6州に区分され、その東半分は1891年にステップ総督府の管轄下に置かれた"
742,0,153,102,トルクメニスタンは現在、国土の緑化に力を入れているが、違法伐採が続く為に森林の減少傾向による環境破壊が問題となっており、水資源の乏しさも加わって非常に深刻なものとなっている
743,0,174,195,2008年時点ではドイツの過半が耕地（34%）と森林・疎林（30.1%）に占められており、13.4% が放牧地で11.8%が定住地・道路となっている[19]
744,0,178,91,7月25日、ブッシュ大統領はリベリアの沖合いに米海軍を配置するよう正式に指示、8月には米軍を始めとする平和維持軍が上陸し、テーラー大統領はナイジェリアに亡命、モーゼス・ブラー副大統領が暫定的大統領に就任する
745,0,30,470,アフリカからの奴隷の食事がルーツといわれるフェジョアーダや牧童の肉料理であったシュハスコ、バイーア地方のムケカ、ヴァタパ、カルルー、ミナス地方のトゥトゥ・ア・ミネイラほか、またロシア系のストロガノフもブラジル風にアレンジされてよく食される
746,0,24,199,ウガリと呼ばれるトウモロコシの粉を練ったもの、または米が主食で、これにトマトベースのスープなどのおかずをつけて食べるのが一般的である
747,0,53,16,この意識は、19世紀末の米墨戦争の敗戦直後から特に見られるようになり、長年議論が繰り返されているが、変更には至っていない
748,0,64,26,米西戦争及び第一次世界大戦は、世界的な軍事大国としての同国の地位を裏付けた
749,0,117,46,1990年にイラクが隣国クウェートを侵略して湾岸危機が起こると、国土防衛のために米軍の駐留を許可した
750,0,130,216,スンニ派地域では米軍の支援を受けた覚醒評議会 （スンニ派） が治安維持に貢献しているとされる
751,0,142,228,2015年5月、中国が南沙諸島で建設中の人工島を米偵察機が偵察した
752,0,142,302,1981年、政府米等の購入が響き48億6600万元の赤字国債を発行した
753,0,81,174,主要輸出品は、自動車および自動車部品、精密機器、原油、天然ガス、金属および金属製品、産業用機械、通信機器、化学製品、木材、パルプ、小麦、魚類（サケ類、イクラ、マグロ等）、メープルシロップなど
754,0,75,300,典型的な植生は北極海沿岸がツンドラ、南に下るにしたがって針葉樹林のタイガ、混交林、プレーリー、ステップに移行していく
755,0,154,31,また、冷戦終結によって東西に隣接するアルバニアおよびブルガリアの経済は混乱状態にある中、海を持たないマケドニアにとって、南に隣接するギリシャの経済制裁の威力は絶大であった
756,0,172,309,インドの陸地はほとんどがインド洋に突き出した南アジアの半島上にあり、南西をアラビア海に、南東をベンガル湾に区切られて7000kmの海岸線を持つ
757,0,190,46,紅海、アデン湾、アラビア海に面し、北でサウジアラビア、東でオマーンと国境を接し、アデン湾、紅海を挟んでソマリア、ジブチ、エリトリアに対面する
758,0,91,158,2013年1月7日、米軍無人機が漂流されているのが発見され、続いてフィリピン南西部のパラワン島近くの世界遺産に登録されているトゥバタハ岩礁のサンゴ礁で、米海軍の掃海艦ガーディアンが座礁し、修復不可能な損傷を与えた
759,0,6,179,北部は半乾燥地帯、中部はアンチレバノン山脈が連なり、山岳地帯が大半であるが、乾燥地帯の延長上には、アラビア半島に続くシリア砂漠がある
760,0,153,100,天然林の主な樹種は砂漠化領域がサクサウール（英語版）やタマリクスで、山地はアルチャ（ビャクシンの一種）、川沿いはコトカケヤナギ（ポプラの一種
761,0,185,198,人が住めるのは古代からずっと砂漠の間を通る川の流域や、湧き水で出来たオアシスの周囲のみであり、前インカ期からこうした地域に古代文明が栄えていた
762,0,22,542,韓国政府は、2003年8月に「経済自由地域の指定運営法」に基づいて、仁川の永宗島、松島、青羅地区を経済自由区域に指定し、同年10月24日には釜山及び鎮海と光陽湾一帯に対しても同様の指定を行い、仁川・釜山及び鎮海・光陽湾による「3特区体制」を整備した
763,0,55,271,EEZとは別に国連海洋法条約において排他的な海底資源権益が与えられる法的な大陸棚については、2012年4月に国連大陸棚限界委員会が「四国海盆海域」、「小笠原海台海域」、「南硫黄島海域」、「沖大東海嶺南方海域」の4海域を日本の大陸棚と認定した[80]
764,0,69,130,この漁業は古代からこの地域の主要産業のひとつであり、ボゾ人やソモノ人のように漁業を専門に行う民族も内陸デルタには存在していて、1950年代から70年代にかけてはニジェール川の魚はマリの主要輸出品のひとつとなっていた[21]
765,0,6,96,米陸軍士官学校ウェストポイントはイラク北部のシンジャールで見つかったアル=カーイダの文書を元に報告書を作成した
766,0,10,180,ヤムイモ、キャッサバ、プランテンバナナ、モロコシ、トウモロコシ、トウジンビエなどが主食として食されるほか、都市化の進展に伴い米の消費も伸びている
767,0,64,271,そして、1799年にオランダ東インド会社が解散してもなお、日米貿易は1808年（文化6年）まで続いた
768,0,113,123,直後に南部仏印進駐で米英蘭との対立を深めた大日本帝国が太平洋戦争を開戦
769,0,115,249,国際米作研究所が1966年から30年間にわたり、52種の米を全土で試験栽培し、収量向上に貢献した
770,0,124,217,現在ではニューヨーク生まれのサルサも人気であり、在米ドミニカ人の活躍により、ドミニカ音楽の合衆国市場への進出も盛んである
771,0,133,309,しかし高等教育を受けていても英米の母語話者のような英語を流暢に話せる人は少なく、独特の英語（シングリッシュ）を話す
772,0,142,229,この事件をめぐって、両国は2001年4月に米中両軍機が南シナ海上空で衝突して以来の緊張状態となった
773,0,167,69,これが「東亜の解放」「英米の支配からの解放」をスローガンに、「大東亜共栄圏」の実現を叫んだ日本の本心だった[11]
774,0,172,407,1997年5月に政府は低品質の米の輸入を自由化し、民間が無関税で輸入することを許可した
775,0,174,301,両国は経済的に相互依存関係にあり、ドイツの対米輸出は8.8%であり、輸入は6.6%である[68]
776,0,176,105,主要会社は政府と米アルコアおよびリオ・ティント/アルキャンの合弁CBGで、年間1400万トンを輸出
777,0,179,280,その米ソと並ぶ第三極を目指した政治姿勢はド・ゴール主義と呼ばれ、核兵器保有もその一環である
778,0,50,18,ガーナ王国は、セネガル川上流のバンブク周辺から産出される金とサハラ砂漠の岩塩から採取される塩、北方からの銅製品や衣服、装身具などの各種手工業製品の交易路を押さえ、その中継貿易の利で繁栄した
779,0,33,42,島国であり、海を隔てて南にフランス領グアドループ、南西にイギリス領モントセラト、西にセントクリストファー・ネイビス、北西にフランス領サン・バルテルミーが存在する
780,0,41,161,トルコは国内に多くの断層を持つ地震国であり、近年では、1999年のイズミット地震でマルマラ海沿岸の人口密集地が大規模な被害を受けた
781,0,91,225,なお、季節風の影響を受ける地域ながら、海に囲まれているために、冬季に卓越する北西からの季節風も、夏季に卓越する南西からの季節風も、いずれも降雨をもたらす[47]
782,0,121,11,アラワクと呼ばれるアメリカ先住民が3世紀頃に南アメリカ大陸のギアナ地方から海を渡って定住したが、その後、カリブと呼ばれる別のアメリカ先住民が進出してきた
783,0,9,251,"西部の太平洋との海岸線、東部のアンデス山脈、北部のアタカマ砂漠によって囲まれた国土は南北に細長く、北から南までの総延長は約4,630kmに及ぶ"
784,0,112,233,シナイ半島の北部は砂漠、南部は山地になっており、エジプト最高峰のカテリーナ山 （2637m） や、旧約聖書でモーセが十戒をさずかったといわれるシナイ山 （2285m） がある
785,0,117,161,気候は砂漠気候で夏は平均45°C、春と秋は29°Cで、冬はまれに零下になり、標高2000mの高原地帯では過去に積雪も観測されている
786,0,14,83,1945年時点での同国の生産量は電気48%、ニット36%、植物油84%、砂糖16%、革靴46%、レンガ42%と順調な伸び率を示しており、1944〜1945年は、同国の産業と農業が積極的にソ連の発展を支えた
787,0,31,171,ほぼ毎年のようにこの国を襲う洪水、サイクロン、竜巻、海嘯といった自然現象は、一時的な被害にとどまらず、森林破壊、土壌劣化、浸食等を引き起こし、さらなる被害を国土に対して及ぼしている
788,0,162,128,国内最大級企業であるモザール社は、オーストラリアのアルミナを原料として輸入した上で、南アフリカから供給される豊富・安価な電力のもとに溶融塩電解を行ってアルミニウムの地金として輸出しており、モザンビークの輸出市場での位置づけは高い
789,0,54,410,2009年6月、アメリカ国際政策センターのセリグ・ハリソンが米下院外交委員会の公聴会で証言し、「国連制裁の結果、事態が悪化した場合、北朝鮮は報復として韓国ではなく日本か在日米軍基地を攻撃するだろう」と予測したとされるが事実かどうか定かではない[166]
790,0,55,119,日本は、東アジアの中でも独特の国際的な地位を保持し続け、7世紀に中華王朝に対して独自の「天子」を称し、8世紀には渤海を朝貢国とした
791,0,167,235,当地を含む周辺では、ユーラシアプレートやオーストラリアプレート、太平洋プレート、フィリピン海プレートなどがせめぎあっており、環太平洋火山帯（環太平洋造山帯）の一部を構成している
792,0,179,423,その6辺の国境のうち、1辺は平野と川（ライン川）、2辺は山脈（ピレネーとアルプス）、3辺は海（地中海、大西洋、北海）である[33]
793,0,91,92,第二次世界大戦後の冷戦期間中のフィリピンは、同じく西側諸国に属すこととなった日本と同様に、極東アジアにおけるアメリカの重要な拠点となり、米軍に基地を提供していたが、1990年代初頭の冷戦終結を受けた米軍のアジア駐留軍縮小、およびピナトゥボ山の噴火に伴う基地機能の低下、フィリピン国内のナショナリズムの高揚、フィリピン共和国憲法改正により、在比米軍は軍備を沖縄に集約し、フィリピンから撤退した
794,0,4,154,輸出品は電力、珪素鉄、非鉄金属、金属製品、セメントなどで、輸入品は高速ディーゼル、ポリマー、石油、米など
795,0,6,104,ヌスラ戦線の要員には、米軍占領期のイラクにおいて反米・反シーア派闘争に参加した者たちが多く含まれる
796,0,19,154,このように距離は離れているものの、同じアングロ・サクソンの英米や移民の出発地である他のヨーロッパ諸国との結びつきが依然として強い
797,0,22,71,しかし、李承晩は米国本国との直接のパイプを見せながら米軍軍政に対して接したため軍政の当局からは厄介な存在として扱われていた[35]
798,0,25,76,戦争が終わるとイギリス政府はアメリカに共同調査委員会の設立を提案し、英米調査委員会が設立された
799,0,31,198,国連食糧農業機関（FAO）によると穀物自給率は90%を超え、特に米に関しては消費量のほぼ全てを自給している
800,0,42,198,7月1日、米軍が南部ウルズガン州で誤爆、市民48人死亡、117人が負傷する
801,0,64,277,その後1859年6月に日米修好通商条約を結んだことにより、両国間の本格的な通商関係も開始された
802,0,91,54,米西戦争の最中に独立を果たしたのもつかの間、1898年のパリ条約によりフィリピンの統治権がスペインからアメリカ合衆国に譲渡された
803,0,113,297,ベトナム政府は経済、外交などで対米接近を基本政策としており、ジョージ・W・ブッシュ大統領の来訪も大歓迎している
804,0,115,79,下ビルマを割譲した結果、ビルマは穀倉地帯を喪失したために、清から米を輸入し、ビルマは綿花を雲南経由で清へ輸出することになった
805,0,174,91,ホーエンツォレルン家とオーストリアのハプスブルク家はドイツ統一の役割を争ったが、前者は対米貿易とメリノ種量産に成功した
806,0,196,273,またグァンタナモ湾は、1903年以降現在にいたるまでアメリカのグァンタナモ米軍基地（南方軍管轄）が存在することで知られている
807,0,9,269,チリは南北に大変長細い国であるため、北の方から順に砂漠気候、ステップ気候、地中海性気候、西岸海洋性気候、ツンドラ気候と気候が違っている
808,0,63,97,この海岸低地は付近を流れる寒流のベンゲラ海流の影響によって大気が安定しており降雨がほとんどないため、極度の乾燥地帯となっており、世界で最も古いといわれるナミブ砂漠が広がっている
809,0,64,365,魚類野生生物局や国立公園局、森林局などを統括する内務長官は大統領に任命されるため、生態系の保全も行政の他の部門と同じく政権の優先事項に大きく左右される
810,0,70,113,しかし、冷戦終結から10数年を経た2006年、アメリカの「地球規模の戦力再編成の一環」による米軍の完全撤収が両国で合意に至り、約1200名の将兵とF-15戦闘機4機が段階的に撤収、ケフラヴィーク米軍基地が閉鎖された
811,0,105,59,この混乱を収めるために米英仏などの多国籍軍が進駐したが（en:Multinational Force in Lebanon）、イスラム勢力の自爆攻撃によって多数の兵士を失い（en:1983 United States embassy bombing）、一部でシリア軍と米軍の戦闘に発展した（ベイルート・アメリカ海兵隊兵舎爆破事件）
812,0,25,378,車での走行時間は、北のメトゥーラから最南端の町エイラットまでは約9時間かかるが、西の地中海から東の死海までならば90分ほどしかかからない[191]
813,0,128,2,東にエジプト、南東にスーダン、南にチャドとニジェール、西にアルジェリア、北西にチュニジアと国境を接し、北は地中海に面し、海を隔てて旧宗主国のイタリアが存在する
814,0,187,39,ボツワナは南部アフリカの内陸に位置し、周縁を高地で囲まれ、海から数百キロメートル以上も隔たった内陸国であり、見渡す限りの平原が広がる盆地の中央部にある
815,0,196,245,キューバの国土は長さ1250kmで、キューバ島（本島）、「青年の島」（旧ピノス島）、及びに1600余りの小島と多島海から成る広大な群島によって構成されている
816,0,131,102,国土を二分する中央部から北部に続く山脈のアフリカ大地溝帯と地質の特性により、東部の乾燥した半砂漠地域と、西部の肥沃な大地の2つの地域に分けることができる
817,0,141,91,天山山脈をはさんで南方の中華人民共和国と、テスケイ・アラ・トー山脈（英語版）を挟んで北方のカザフスタンには、ステップ気候 （BS） と砂漠気候 （BW） が広がる
818,0,54,85,当初、米ソ両国は朝鮮を信託統治する予定だったがその実現方法を巡って決裂し、それぞれの支配地域で政府を樹立する準備を開始した
819,0,54,89,しかし朝鮮人民共和国は米ソ両国から政府承認を拒否され、アメリカ軍占領地域では人民委員会も解散させられた
820,0,55,508,これについて反対運動、特に基地の地元住民の米軍基地反対運動と基地移転問題が外交問題に発展することもある[151][152]
821,0,64,236,1980年代は冷戦時代最後の米ソ軍拡競争になり、1986年にはGDPに対する軍事費の比率は6.2%に増大した
822,0,64,304,また、アメリカが負担することで合意していた米軍関連施設の一部の建設費約820億円を日本が負担するよう要求している[72]
823,0,75,322,農産物の自給自足にも力を入れており、ロシアは世界における「最大の小麦輸出国」ならび「米の栽培の北限地」として知られている
824,0,116,257,インド系料理の代表として、ロティやトサイという米粉や小麦粉をクレープ状に焼いたものに、カレー風味のソースをつけて食べる朝食がある
825,0,142,49,このようなアメリカとの経済的な結びつきは、米中国交樹立（1979年）[23]後の改革開放政策で再び強まった
826,0,142,318,1993年4月、米証券取引委員会がアメリカの機関投資家に対してB株式への直接投資を許可した
827,0,175,83,湾岸諸国の中では比較的欧米に寛容で、湾岸戦争時は米軍に基地使用を認め、イラク戦争でもその駐留を許可した
828,0,185,273,主食（主なカロリー源）はプレコロンビアの時からのトウモロコシやジャガイモの消費が多く、その後入ってきた米、パスタ、パンも多く消費されている
829,0,70,297,また、アイスランド本島内には温泉が豊富であるため、現在は、この温泉を利用して本来アイスランドの気候では寒過ぎて育たない食物を栽培したり、本来は寒くて作物を育てられないような時期にも食物を栽培したりしているため、輸入品の食材だけではなく、地元産の野菜などが食卓に登ることもしばしばである
830,0,6,175,一方、ISILやトルコ政府とは交戦状態となっており、2018年現在、ハジンなどデリゾール県のユーフラテス川からイラク国境にかけての複数の地域やシリア砂漠の油田地帯はISILが占拠している
831,0,69,31,16世紀末になるとソンガイ帝国は王位継承争いで大きく国力を落とし、それをついてサハラ砂漠中央部のテガーザの岩塩をめぐって対立していたサアド朝モロッコが砂漠を越えて侵攻を行った
832,0,41,166,イスタンブールのあるマルマラ海周辺やヨーロッパトルコ地域は地中海性気候と温暖湿潤気候の中間に属し、夏は他地域よりは涼しく、冬は比較的寒くなり雪も降る
833,0,54,253,1994年に米国が北朝鮮の核兵器生産施設を空爆しようとしたとき、北朝鮮は「（核施設が空爆されたらその報復に）ソウルを火の海にする」と恫喝し、韓国の金大中は訪米して空爆中止を嘆願した
834,0,54,380,2014年の北朝鮮の核実験で中朝関係が冷え込むなか、崔竜海・朝鮮労働党書記がロシアを訪問するなどロシアに急接近する姿勢が目立っているとされた[142]
835,0,129,124,また、美しい海やサンゴ礁と合わせて、第二次世界大戦時に沈んだ船舶や航空機を売りにしたダイビングも盛んであり、多くのダイビングショップがあるほか、日本などからダイビングツアーも企画されている
836,0,140,71,1643年にヘンドリック・ブラウエルによって改めて調査され、チリの南ではないと分かると、オランダの知識人はオランダのゼーラント州 （Zeeland） にちなみ、ラテン語で “Nova Zeelandia”（「新しい海の土地」という意味
837,0,151,295,19世紀末から20世紀はじめにかけて、テイシェイラ・デ・パスコアイスはポルトガル独自のアイデンティティを「サウダージ」という言葉に見出し、このサウドディズモから『ポルトガルの海』を残した大詩人フェルナンド・ペソアが生まれた
838,0,196,25,ヨーロッパ人の到来する以前のキューバには、南アメリカのギアナ地方から海を渡ってきたアラワク族系のタイノ族や、シボネイ族、カリブ族と呼ばれる先住民が暮らしていた
839,0,91,167,2000年代になり、米軍がフィリピン国内の基地から撤退したことを機に、中華人民共和国による南シナ海の島嶼部への領有権主張・南シナ海全域の領海主張、中国人民解放軍の台頭による、東南アジアのパワーバランスが悪化することに対応するため、フィリピン政府内でも米軍の再駐留を望む声も出てきている[36]
840,0,50,22,シンゲッティ北東約100kmに位置するワーダーンは、マリ帝国で産出する金や北西約200kmに位置するイジルの岩塩から採取される塩の取り引きのための中継地にあたるため、その交易の利で12世紀ころから数百年にわたって繁栄した
841,0,12,153,降水量が少ないため農業に適さない山地で主食となる米やトウモロコシ、肥沃な海岸平野ではカカオ、コーヒー、サトウキビ、バナナなどの商品作物を栽培する
842,0,15,201,輸出品としては米がトップで輸出の11.2%を占め、ついで綿布、ニット、ベッドウェア、綿糸、既製服といった繊維製品が続く[35]
843,0,22,331,また1970年代には、KCIAが関与したアメリカ合衆国下院議員買収工作が発生し、米韓両国の政治問題と化した（コリアゲート事件）
844,0,37,124,上述したように、アルバニアは第二次世界大戦後に米ソ両陣営と距離を置き、1978年から完全な鎖国状態となった
845,0,54,351,対外的に北朝鮮の体制を擁護しているのは、韓国を基本とした統一がなされた場合、中国と陸続きの位置に米軍が進出する可能性を懸念しているためともされる
846,0,55,391,唯一の軍事同盟国であり、国内に軍隊の駐留（在日米軍）をさせているアメリカ合衆国との関係を最も重視し、世界中の国と友好関係を築いているといわれている
847,0,75,325,"2014年、同国での米生産量は1,138,000t（うち90%がクラスノダール地方での栽培）で生産量は記録的に高いものとなっている"
848,0,80,373,米、コーヒー豆、家畜、生糸、パームオイルなどの生産量を増大させ、自家消費だけでなく商品としても流通させるため、農村開発や国営農場などの政策が構想された
849,0,119,67,その後もライス米国務長官は、ムガベ政権の海外資産を凍結するなどの制裁措置を英国やアフリカの同盟国と協議する事を明らかにしている[10]
850,0,128,63,9月11日、米領事館襲撃事件が発生し、J・クリストファー・スティーブンス大使はじめ関係者4人が死亡した
851,0,142,285,それまで極東の債券市場が日米欧金融機関の結集により整備されてきたが、2015年アジアインフラ投資銀行発足につながった
852,0,174,266,ドイツ連邦軍と国境警備隊が国防を担っている他、相互防衛条約に基づき6万強の米軍が駐留している
853,0,184,123,世帯主がアメリカへ出稼ぎに行き、その仕送りで国内に残った家族が生計を立てている家庭が多いのが中米諸国の特徴で、エルサルバドルも例外ではない
854,0,80,418,そのようなプロジェクトとしては、たとえば、リオ・ティント・グループの子会社が進めるトラナルの近くの重金属砂鉱からイルメナイトとジルコンを掘り出すプロジェクト[126]や、シェリット・インターナショナルが進めるムラマンガ近郊で抽出したニッケルをトゥアマシナで精錬するプロジェクト[127]や、マダガスカル石油がツィミルルとベムランガで進める陸地での巨大な重質油鉱床の開発がある[128]
855,0,22,63,1945年2月、ヤルタ協定にて連合国首脳は戦後朝鮮を米・英・中・ソ四国による信託統治下に置くことを決定[30]、ヤルタ会談と米軍との秘密協定に基づいてソ連軍は8月9日の対日参戦後速やかに朝鮮半島へ侵攻を開始した
856,0,6,110,しかし、シリアは旧イラク・バアス党政権の残党には庇護を加え、米軍を始めとする占領軍やイラク暫定政権に対する破壊活動を支援したとされる
857,0,22,221,"2008年4月に行われた米韓首脳会談において、在韓米軍を2万8,500人体制で維持することが決定されている"
858,0,35,123,この投票のために国連はスーダン派遣団をおくり、住民投票監視団には一員として元米大統領ジミー・カーター（Jimmy Carter）がスーダン入りしている
859,0,52,40,ロン・ノル政権下でも米軍による空爆は拡大し、数十万人のカンボジア人が犠牲となり、数百万人が難民となった
860,0,110,56,同年9月には日独伊三国同盟を締結、1941年12月にはドイツと共に対米宣戦布告を行った
861,0,174,313,1873年に岩倉使節団はベルリン[70]、ハンブルク、ミュンヘン[71]を歴訪しており、その当時の様子は「米欧回覧実記」にも詳しく記載されている
862,0,196,119,またカリブ海地域では1983年、島国グレナダに軍事顧問や労働者を送って東側接近を支援したが、米軍の介入で頓挫した（グレナダ侵攻）
863,0,30,261,気候は亜熱帯性気候、半砂漠型サバナ気候、熱帯雨林気候、熱帯モンスーン気候、高地の亜熱帯性気候、温帯夏雨気候、温暖湿潤気候に分類できる
864,0,44,122,内陸部の砂漠地帯は標高1000 m以下の平原が多いが、ニジェールとリビアの国境に近いアルジェリア南東部は山がちで、ホガール山地やアドラル山地、ナジェール高原、ホガール高原などがある
865,0,55,256,付近では、ユーラシアプレート、フィリピン海プレート、太平洋プレート、北アメリカプレートがせめぎ合い、環太平洋造山帯・環太平洋火山帯・環太平洋地震帯と呼ばれる帯の一環をなしている
866,0,126,20,新石器時代に入り、大西洋の海進によって温暖化が進むと中央ヨーロッパから移住してきた種族が定住をはじめ、牧畜技術の移入と農耕技術の革新をもたらした[6]
867,0,127,5,"この他、ノルウェー本土から約1,000キロメートル （km） 離れた北大西洋上のヤン・マイエン島は固有の領土の一部として領有され、スヴァールバル条約によりバレンツ海のスヴァールバル諸島を領有している"
868,0,136,76,一方、インド亜大陸の分離を生じたプレートテクトニクスで、火山岩が噴出し、セーシェル諸島から南東に伸びる海嶺に位置するマスカリン海台の南では、モーリシャス島やレユニオン島などが玄武岩で出来ている
869,0,183,14,「ライオンの山」と名付けられた理由については、現在のフリータウン付近にいたポルトガル人が、山の方からライオンのように轟く雷鳴が聞こえたため名付けたという説や、山から海へ吹き降ろす風がライオンの咆哮に似ているので名付けた、など諸説ある
870,0,53,129,特に隣国であるキューバとは、1959年のキューバ革命以降汎米主義に基づいて近隣のラテンアメリカ・カリブ海諸国がキューバとの関係を断絶した中、国交を継続していた
871,0,91,243,現在も食料の自給率は遅々として回復せず、国民の生活は昨今の穀物価格の高騰やベトナム政府の米輸出制限措置の影響を大きく受けている
872,0,117,140,アメリカ軍と親密な関係を持ち、アメリカ中央軍の部隊駐留を認め、キング・ハリド軍事都市など国内にいくつもの米軍基地を置かせている
873,0,130,212,駐留多国籍軍は、米軍が15万人以上、ほかに27カ国が派遣しているが、治安部隊要員の拡充により、戦闘部隊は減少傾向にある
874,0,142,230,アメリカ合衆国政府は、スプラトリー諸島（南沙諸島）の12海里以内に米軍機を進入させる可能性を表明しており、中国外務省は「言動を慎むよう求める
875,0,172,254,5月28日と5月30日にはパキスタンによる初の核実験が成功し、日米がインド・パキスタン両国に経済制裁を課した
876,0,179,333,フランスは2003年のイラク戦争に終始反対したが、第二次世界大戦中も英米と一歩離れた独自外交を展開している
877,0,4,182,具体的には、1986年時点の国土に占める農地の比率が2.2%、牧草地4.6%、森林70.1%だったものが、2003年に至ると、同2.7%、同8.8%、同68.0%に変化している
878,0,55,527,経済基盤の貧弱な国が多く、更に海に面していないために輸送コストなども掛かるなどの理由から、一部の希少な地下資源を除き、貿易などの経済的な関係も他地域と比べて活発と言えない状況にある
879,0,115,400,ベンガル湾やアンダマン海の沿海部は年間降水量が5000mmを越える有数の多雨地域で、ケッペンの気候分類によれば典型的な熱帯モンスーン気候（Am）を示す
880,0,171,89,2015年2月末には、これらの国際的な海賊対策を行う国連加盟国合同軍第151合同任務部隊の司令官として、日本人（海自）が着任する事が発表された
881,0,64,361,"連邦政府は国土の28.8%にあたる総面積2,643,807 km2を保護しており[82]、大部分は国立公園や国定森林として保護されているが、一部は原油や天然ガス、その他の鉱産資源の採掘や牛の放牧のために賃貸されている"
882,0,15,143,2011年5月1日、首都イスラマバード郊外の住居でアルカーイダの指導者ウサーマ・ビン・ラーディンが米海軍特殊部隊SEALsに急襲された
883,0,55,458,安全保障面において台湾は、台湾関係法などを背景にアメリカ軍と密接な関係にあり、日米安保体制を維持する日本とも間接的な協力関係にある
884,0,64,279,その主なルートはサンフランシスコ港-サクラメント-ソルトレイク・シティ-シカゴ-ワシントン-フィラデルフィア-ニューヨーク-ボストン港であり、当時の様子が、「米欧回覧実記」に克明に記されている[66]
885,0,86,42,エル・サルバドル出身のマヌエル・ホセ・アルセ（スペイン語版、英語版）が中米連邦初代大統領となるが、独立後すぐに政治的混乱を起こした
886,0,110,49,1873年には岩倉使節団がイタリアのフィレンツェ、ローマ、ヴェネツィアを歴訪しており、当時の様子が「米欧回覧実記」に一部イラスト付きで詳しく記されている
887,0,177,464,その中で、ヴァレーヌィク（ウクライナ風餃子）、ハムーシュカ、フレチャーヌィク（団子）、コールジュ、コロヴァーイ（ケーキの一種）、パスカ（復活祭のパン）、クチャー（小麦か米の甘いお粥）などがある
888,0,196,91,アメリカに敵視されたキューバ革命政権は、当時続いていた冷戦による米ソ対立を背景にソビエト連邦と接近し、1960年にソ連と正式な外交関係を結んだ
889,0,130,220,国土の西端はシリア砂漠にあり、シリア、ヨルダンとの国境 （北緯33度22分 東経38度47分﻿ / ﻿北緯33.367度 東経38.783度﻿ / 33.367; 38.783） である
890,0,172,333,北インド平野の西部にあたるラジャスターン州エリアは、典型的な砂漠気候で高温となり特に3月下旬~9月下旬までは、降雨も少なく、厳しい乾燥地帯で4月中旬~6月頃は特に酷暑となる
891,0,109,31,加えて、内陸国の河川流域という特性上、海へと直接つながっている国内河川はなく、領土の10%にも満たない灌漑農業用地や河川流域のオアシスに似た土地で集中的に農業が行われている
892,0,64,313,日米安全保障体制の下で日本が自主外交に消極的であったことや、冷戦時代にアメリカが起こしたベトナム戦争や、存在しないイラクの大量破壊兵器保有を理由に開戦したイラク戦争などにおいて、嘉手納基地や横田基地などの日本国内のアメリカ軍基地が出撃基地として利用されてきたこと、日本国内のアメリカ軍基地周辺において在日アメリカ軍兵士による日本人女性に対するレイプや強盗、殺人事件が多発しているが、日米地位協定により日本側に被疑者の身柄の拘束を最初に行うことが拒否されるケースがあることなどから、日米関係に対する批判も存在する
893,0,126,223,北部は豊かな土壌が広がり、野菜や果実等の都市近郊型農業や、農耕飼料を必要とする養豚・養鶏業等が営まれているのに対し、南部はアルデンヌ高地を中心に冷涼な気候で、酸性土壌も多く、肉牛、乳牛等の放牧による畜産業や、ビート栽培等が主流である
894,0,26,287,"この草原地帯のリャノが国土の35%（380,000平方kmで、ほぼ日本の国土と同じ）、グアヤナ高地が国土の45%を占めるものの、人口の圧倒的な部分は北方の海岸線沿いのマラカイボ低地とベネズエラ高原に集中し、ベネズエラの多くの都市や村落は標高800m-1300mの人間が住むのに適した気候の谷間に存在する"
895,0,22,343,2008年2月25日に発足した李明博政権は金大中政権以前の親米路線に方針を転換したため、対米関係も改善されると見込まれていた
896,0,26,150,またロシア、中国、北朝鮮、イラン、キューバ、トルコ、シリア、パレスチナ、ボリビアなど反米主義的な国家群から2期目就任の承認を受けている[42][43]
897,0,55,199,一方、東京通信工業（現在のソニー）によるトランジスタラジオ対米輸出の大成功などは「安くて粗悪」というかつての日本製品の海外イメージを払拭し、外需拡大は経済成長をさらに加速させた
898,0,99,105,ギニアビサウでは工業、鉱業がほぼ存在せず、労働力の8割が従事する主要産業の農業も米などの自給農業が中心でしかも国内需要すら満たせないほど生産性が低い
899,0,112,96,サーダートに代わって副大統領から大統領に昇格したホスニー・ムバーラクは、対米協調外交を進める一方、開発独裁的な政権を20年以上にわたって維持した
900,0,167,61,アジアでは、日中戦争激化に伴い英米は日本に対して厳しい態度で臨むようになり、オランダ植民地政府もいわゆる対日「ABCD包囲網」に加わった
901,0,194,64,アメリカ海軍のアルフレッド・マハンの海軍戦略の影響や、1898年の米西戦争を契機に、アメリカ合衆国に太平洋と大西洋をつなぐ運河が中米に必要であるとの考えが浸透していた
902,0,71,35,外交樹立40周年記念特別企画として、茨城県つくば市にある地質標本館にて特別展「砂漠を歩いてマントルへ -中東オマーンの地質探訪-」が2011年4月~7月に開催された
903,0,130,223,南端はネフド砂漠中にあり、クウェート、サウジアラビアとの国境 （北緯29度03分 東経46度25分﻿ / ﻿北緯29.050度 東経46.417度﻿ / 29.050; 46.417） の一部である
904,0,185,191,ペルーの国土は三つの地形に分けられ、砂漠が広がる沿岸部のコスタ（es、国土の約12%）、アンデス山脈が連なる高地のシエラ（es、国土の約28%）、アマゾン川流域のセルバ（es、国土の約60%）である
905,0,15,161,両国は更に、カラコルム・ハイウェイからアラビア海に面して中国の軍事利用を懸念されてるグワーダル港までの約3000kmで道路・鉄道、発電所などを整備する「中パ経済回廊」（CPEC）計画を進めている
906,0,92,236,主な農業地域はゼーラント州からフローニンゲン州に至る海岸地帯のポルダーで、海成重粘土からなる西南部と、フリースラント、フローニンゲン両州海岸部のポルダーでは良質の穀類と根菜類を産する
907,0,116,145,代表例としては、製糖事業で財を成したケリーグループを率いるロバート・クオック（郭鶴年）やパーム油（マレーシアの主要輸出品）関連事業を手掛けるIOIグループの最高責任者リー・シンチェン（英語版）、シンガポールに拠点を持つ不動産業大手ホンリョングループ総帥クェック・レンチャン（英語版）が挙げられる
908,0,112,232,西部砂漠には海抜0m以下という地域が多く、面積1万8000km2の広さをもつカッターラ低地は海面より133mも低く、ジブチのアッサル湖に次いでアフリカ大陸で2番目に低い地点である
909,0,6,256,2014年9月にはISILに対する米軍をはじめとした国際社会の有志連合による空爆も開始し、2015年には当初限定されたイラク領内だけではなく、シリア領内においても空爆を行うようになった
910,0,12,162,主食となる作物は、米（138万トン、以下2005年）、トウモロコシ（75万トン）、ばれいしょ（42万トン）、キャッサバ（12万トン）が主力
911,0,22,84,米軍軍政は李承晩や金九を絶対的に支持していたわけではなく、中道派を軸に左右の勢力を取り込んだ政権を実現しようとしたが挫折（左右合作運動）[35]
912,0,57,148,このほか、南部のニジェール川流域において米の栽培が行われており、とくにティラベリ州において集約的に栽培されるが、国内需要が大きく伸びているため自給ができず、多くを輸入に頼る状況となっている[20]
913,0,64,92,1867年には、アラスカをロシアから購入し、1898年にはハワイ王国が併合され、スペインとの米西戦争に勝利してグアム、フィリピン、プエルトリコを植民地にし、キューバを保護国に指定した
914,0,64,290,以降2国間で日米安全保障条約を締結して旧ソ連や中華人民共和国などの軍事的脅威に対して共同歩調をとり続けるなど、友好的な関係を築いている
915,0,79,1,ポーランド共和国（ポーランドきょうわこく、ポーランド語: Rzeczpospolita Polska）、通称ポーランドは、国連の区分では東欧、米CIAの区分では中央ヨーロッパに位置する共和制国家
916,0,171,84,当初は米軍、欧州連合（EU）部隊の協力を得て活動していたが、2011年7月7日、自衛隊の海外拠点がジブチ国際空港近くに開設された
917,0,179,244,1918年11月8日、ウッドロウ・ウィルソン米大統領の支援でアルザス=ロレーヌ共和国（fr）ができたが、11日後にフランス軍が占領・解体・併合した
918,0,127,28,ノルウェーとロシアの間でバレンツ海における領海の境界線の合意が得られていないことにより、当面の間両国によって共管される「グローソネン」（グレーゾーン）と呼ばれる海域があったが、2010年9月15日に両国は境界画定条約に調印した
919,0,36,204,1908年、商用目的で日本を訪れたコロンビア人アントニオ・イスキエルド（1862‐1922）が川口ら3名の日本人をコロンビアに連れて帰り、川口はボゴタにあるイスキエルド所有の森林を整備し、1910年に開催された独立100周年記念の博覧会場として利用された
920,0,55,703,主な輸入品は、原油及び粗油（9.5%）、LNG（5.2%）、衣類及び同付属品（4.1%）、通信機（4%）、半導体等電子部品（3.7%）、医薬品（3.5%）、石炭（3.4%）、周辺機器を含む電算機器（2.6%）、非鉄金属（2.3%）、科学光学機器（2.2%）である
921,0,142,564,また、2006年6月から陝西省呉起県で十二年義務教育（小学校から高校三年生まで）が実施し、2007年には広東省の珠海市、深圳市でも実施しはじまった
922,0,21,91,特にベリーズとの国境問題は最も長く続き、同国の約半分を自国の領土と主張していることから係争状態となっている（ベリーズが中米諸国で最も遅い1981年に独立したのもこの係争が影響している）
923,0,31,10,豊富な水資源から米やジュートの生産に適し、かつて「黄金のベンガル」と称された豊かな地域であったが[3]、インフラの未整備や行政の非能率から、現在はアジアの最貧国に属する[4]
924,0,80,332,マダガスカルは国際刑事裁判所に関するローマ規定の締約国のひとつであり、また、米軍兵士を保護するための二国間免責協定（BIA:Bilateral Immunity Agreement）をアメリカ合衆国と締約している[9]
925,0,86,11,"公式の英語表記は、Republic of Nicaragua （米:[rɪˈpʌblɪk əv ˌnɪkəˈrɑːɡwə], 英:[ˌnɪkəˈræɡjuə] リパブリック・オブ・ニカラーグア/ニカラギュア）"
926,0,134,22,第二次世界大戦中の1942年、日本軍に占領されるが、アメリカ軍とのソロモン諸島の戦いではガダルカナル島が日米の激戦地（ガダルカナル島の戦い）となる
927,0,135,471,日西関係史としては、岩倉使節団の記録である『米欧回覧実記』（1878年（明治11年）発行）には、その当時のスペインの地理・歴史について記述した個所がある[89]
928,0,172,445,以後1950年代までは、英米資本がタタ自動車等の製造業と、証券会社オペレーター養成に向けた英語学教育とを中心に投下され、農業は置き去りにされた[注 3]
929,0,179,372,1872年（明治5年）から翌年にかけては、岩倉使節団がフランスを訪問しており、当時のパリの様子が『米欧回覧実記』に詳しく記されている（一部スケッチ入り）[26]
930,0,182,44,国連総会ではこの侵攻と占領を非難する決議が直ちに採択されたが、日・欧・米・豪など西側の有力諸国は反共の立場をとるインドネシアとの関係を重視し、併合を事実上黙認した
931,0,57,119,人口は国土の南部に偏在しており、マラディやザンデールといった都市が点在するが、国土の中部・北部は砂漠地帯であり、オアシス都市で古くからのサハラ交易の要衝であるアガデスと、ウラン鉱開発の拠点として急速に都市化したアーリットを除き都市らしい都市は存在しない
932,0,149,285,国土の大部分が砂漠気候あるいはステップ気候であるが、ラシュトに代表されるイラン北端部（カスピ海沿岸平野）は温暖湿潤気候に属し、冬季の気温は0°C前後まで下がるが、年間を通じて湿潤な気候であり、夏も29°Cを上回ることは稀である
933,0,168,387,"19世紀後半までネグロ川北部に20万人ほどいたパンパの狩猟遊牧インディヘナは、1878年に開始されたフリオ・アルヘンティーノ・ロカ（英語版）将軍の砂漠の征服作戦（英語版）により20,000人にまで減少し、以後パンパからはほとんどいなくなった"
934,0,22,122,資金面では、米国のベトナム戦争参戦で得た巨額のドル資金や、1965年に日韓基本条約締結を契機に日本からの1990年までの約25年に渡る円借款、技術面は、日米の技術者による指導や日米企業との技術提携を通して、技術やノウハウを吸収し、鉄鋼、石油化学などの基礎産業が整備され、造船や自動車産業などの輸出産業も成長した[7][8]
935,0,6,94,シリア政府が政治亡命したイラク・バアス党員の引き渡しを拒否したことや、イラクで米軍と戦うアル=カーイダなどのテロリストがシリアを経由してイラク国内に流入したことは、米国政府からの強い非難を引き起こした
936,0,22,370,1959年には在日朝鮮人の帰還事業を阻止する目的で在日米軍立川飛行場経由で工作員を日本に送り込み、新潟日赤センター爆破未遂事件を起こしている
937,0,64,303,米軍海兵隊のグアム移転経費の日本側負担額について、アメリカは2006年に合意した28億ドルの1.5倍にあたる42億ドルを要求[71]
938,0,87,90,1873年（明治6年）4月に岩倉使節団がデンマークを訪問しており、当時のコペンハーゲンの様子が、『米欧回覧実記』に一部イラスト入りで、詳細に記されている[5]
939,0,91,434,米比戦争によって20世紀初頭にアメリカ合衆国に併合された後、公教育を通じて英語が教えられると、1925年頃から英語による作品が書かれるようになり、また、1939年にフィリピン作家連盟が結成されている[85]
940,0,92,61,1873年（明治6年）には岩倉使節団がオランダを訪問しており、当時のロッテルダム・ハーグ・アムステルダムなどの様子が『米欧回覧実記』に、一部イラスト付きで詳しく記されている[7]
941,0,174,103,ヴェルサイユ条約がドイツに課した巨額の戦争賠償は経済や政治に悪影響を与えたが、1920年代中頃から米仏の外資による相対的な安定期を迎え、国際社会にも復帰しつつあった
942,0,22,164,1948年8月の建国以降も、日本統治時代の植林政策を受け継ぎ森林の造成を行い、1970年代以降、40年間で100億本（1日あたり約68万本）の木を植林したと韓国内で報道されている[52][53]
943,0,185,195,砂漠であるものの、フンボルト海流の影響で緯度の割には気温は一年を通して過ごしやすく、最も暑い2月の平均気温が22°C、最も寒い8月の平均気温も14°Cであり、灌漑を行えば通年で農耕が可能な土地である
944,0,75,274,一方、厳しい気候条件のために長らく人口希薄地域だった極東部や北極海沿岸地域でも19世紀以降に鉄道・港湾整備や鉱業開発などに伴う都市建設が進み、ハバロフスクやウラジオストクは50万人を超える人口を持つ
945,0,75,284,これらの海に浮かぶロシア領の主要な島には、ゼムリャフランツァヨシファ、ノヴァヤゼムリャ（米国を越える史上最大規模の核実験が行われた）、セヴェルナヤ・ゼムリャ諸島、ノヴォシビルスク諸島、ウランゲル島、サハリン（樺太）、そして日本との領土問題を抱えるクリル諸島（千島列島）がある
946,0,14,333,FBI（米連邦捜査局）など諸外国の法執行機関との連携を行なっており、核物質・放射性物質の密輸を過去3度に渡って阻止していた実績を持つ[58]
947,0,22,330,しかしながらベトナム派兵によって強化された後の米韓関係も、1970年代に入ると朴正煕大統領の核武装構想によって大韓民国の核兵器保有を望まなかった民主党のジミー・カーター大統領との間で軋轢を起こしている
948,0,36,189,2009年7月にはコロンビアが駐留米軍増強を計画していることについてベネズエラが反発、ベネズエラはロシア製戦車の調達を増やすことで対抗するとしており、コロンビア、ベネズエラ間の緊張が高まっている（アンデス危機）
949,0,79,11,冷戦時代は「東欧」に分類され、現在も国連は同様の分類だが、国内及び東側諸国の民主化（東欧革命）とソ連の崩壊を経て、米CIAなど一部の機関は「中欧」または「中東欧」として分類している
950,0,91,58,1901年にアギナルドが米軍に逮捕されて第一共和国は崩壊し、フィリピンは旧スペイン植民地のグアム、プエルトリコと共にアメリカの主権の下に置かれ、過酷な植民地支配を受けることとなった
951,0,104,56,アンゴラ内戦は、政府・反政府勢力がそれぞれ米ソの後援と、それぞれの勢力の代理人であった南アフリカ共和国（アパルトヘイト時代）とキューバ（カストロ政権）の直接介入を受けていたことから、東西冷戦の代理戦争と言われている
952,0,196,146,2007年5月、米テキサス州エル・パソの連邦地裁が、クバーナ航空455便爆破事件に関与した反革命傭兵軍のルイス・ポサダ・カリレスを釈放した
953,0,197,140,国民の大半はフランス語を話せることはできても英語をほとんど話せない状況であったのにもかかわらず、戦乱による人口の減少・流出と、英米と結んだ新政権の判断によって短期間でフランス語圏から英語圏へと変わった世界でも稀な国でもある
954,0,22,266,2015年9月の中国の軍事パレードでは、韓国は大統領の朴槿恵が参加し党総書記である習近平と肩を並べて参観したのに対し、北朝鮮は朝鮮労働党書記である崔竜海を派遣したが席は端に近い位置であった[87]
955,0,12,116,また、1999年のパナマ運河返還にともなってパナマの米軍基地が太平洋岸の港湾都市マンタに移動し、マンタ空軍基地から出撃するアメリカ空軍がコロンビアへの枯葉剤散布作戦などを行っていた
956,0,22,80,だが、共同委員会は信託統治受け入れに反対する李承晩、金九ら大韓民国臨時政府系の右派の扱いを巡って紛糾し、米ソ対立から1947年7月に決裂した[32]
957,0,22,538,しかし、実験に用いる卵子採取に際して倫理的な問題が浮上し、黄禹錫教授が米科学雑誌Scienceで発表した、世界初の「ヒトクローン胚からのES細胞作製に関する論文」についての捏造疑惑が浮上した
958,0,91,57,フィリピン共和国の建国を承認しないアメリカによる植民地化にフィリピンは猛烈に抵抗したものの、米比戦争で60万人のフィリピン人がアメリカ軍により無残に虐殺され、抵抗運動は武力鎮圧された
959,0,105,75,2003年9月2日、国連安保理の公式会合において、米・仏・英・独の提案によるレバノンの領土保全、主権、政治的独立などに関する安保理決議1559号[† 5]が採択された
960,0,196,179,キューバ共和国独立翌年の1903年にアメリカはキューバ東部のグアンタナモ湾の一部を永久租借してアメリカ海軍基地を建設しており、2019年現在もグァンタナモ米軍基地が存在する
961,0,196,476,米グーグルの協力で首都ハバナに2016年開設された唯一のインターネット無料利用センターが接続できなくなっているなど（2018年2月時点）、低所得層を中心にネット利用には依然制約が多い
962,0,63,120,ナミビアのダイヤモンドは鉱脈となる岩石があるわけではなく、オレンジ川上流の南アフリカ中部にある鉱脈が浸食され、流出したダイヤモンドが堆積した漂砂鉱床であり、そのためオレンジ川下流および、オレンジ川が大西洋に流れ込みベンゲラ海流によって原石が運ばれたナミブ砂漠南部が鉱床となっている[12]
963,0,81,162,金属資源では、 ウラン鉱（1万トン、1位、世界シェア29.2%）、カリ塩鉱（820万トン、1位、世界シェア30.9%）、 イオウ（903万トン、2位）、鉄鉱（1980万トン、3位）、銀鉱（1309トン、3位）、タングステン鉱（2750トン、3位）、ニッケル鉱（16万トン、3位）、亜鉛鉱（100万トン、4位）、コバルト鉱（4304トン、5位）、塩（1335万トン、5位）、鉛鉱（15万トン、5位）、金鉱（141トン、7位）、アンチモン鉱（143トン、8位）、銅鉱（56万トン、8位）が特筆される
964,0,54,412,2017年9月、北朝鮮の朝鮮アジア太平洋平和委員会は日本が度重なる国連制裁に便乗したとして「日本はわが国の近くに存在する必要ない」[168]「日本人を叩きのめさなければならない」「日本列島四島を核爆弾で海に沈めなければならない」[169]と声明した
965,0,113,251,2014年には、ベトナムが主張する排他的経済水域において、中華人民共和国が石油掘削リグを設置したとして、中国海警がベトナム沿岸警備隊に、南シナ海で衝突されたことをベトナム政府が公表したことから、ベトナム国内で2014年ベトナム反中デモが起きた[39]
966,0,53,330,また、1960年代以降はアメリカ合衆国に渡ったメキシコ人移民（チカーノ）によってアメリカ合衆国のポピュラー音楽が行われ、ロックはラテン・ロックになり、ヒップ・ホップはチカーノ・ラップとなって在米メキシコ人市場で消費されたものがメキシコにも逆流入している
967,0,55,504,大東亜戦争（当時の日本側呼称、第二次世界大戦戦線の一部）では、東アジア・西太平洋地域で4年間戦闘に至った末に降伏し、米軍を中心とした連合軍に占領された
968,0,64,155,冷戦時代から引き続いて、日本、韓国、サウジアラビア、ドイツなど国外の戦略的に重要な地域に米軍基地を維持し続け、1989年にはパナマ侵攻、1990年には湾岸戦争と各国の紛争や戦争に介入した
969,0,80,53,中央高地はマダガスカル島で最も人口稠密な地域であり、草で覆われた丘とまばらに点在する半湿潤林の間を縫って、米が育つ階段状の渓谷が走るという自然景観に特徴づけられる地方である
970,0,91,76,第二次世界大戦によって110万人のフィリピン人が犠牲となり[16]、マニラに20棟あった16世紀から17世紀にかけて建立されたバロック様式の教会は、米軍の攻撃により2つを残して破壊された
971,0,91,154,一方で、かつてクラーク基地にあった在比米軍の軍人による市民レイプ事件（英語版）では、米兵容疑者に対し、最高裁判所で最高刑となる終身刑を確定し、容疑者の身柄の引渡しにおいて米国と外交問題になった
972,0,188,25,1869年、ドイツが貿易の拠点をヤップ島に開設し、スペインがそれに対し1885年に軍隊を派遣したが、結局スペインは1899年米西戦争に敗れ国力が疲弊していたこともあり、ドイツにパラオを含むカロリン諸島を売却した
973,0,131,20,古代ギリシャ語の「赤」を意味するエリュトゥロス （ἐρυθρός） から派生したエリュトゥラー （Ἐρυθρά） は、紀元前4世紀のヘレニズム時代の作品に紅海の赤の意味で使われている記録があり、1世紀に紅海からインド洋にかけての南海貿易について記された航海案内書『エリュトゥラー海案内記』にも登場する
974,0,142,437,そこで政府はデレバレッジを進めてきたが、複合企業の海航集団は影響を受けて2017年ごろから資金繰りを悪化させており、ドイツ銀行の大株主となるなど国際展開により状況の打開を試み、幹部の王健を派遣先フランスの事故で失ってしまった[99]
975,0,140,179,例えば、世界第3位の羊皮生産（10万トン、世界シェア6.3%、2004年時点）、同第4位のバター（47万トン、5.7%）、同第5位の羊肉（51万トン、4.1%）、同第6位の毛糸（2.2万トン、2.1%）などだ
976,0,19,193,また、ヨーロッパの入植者によって砂漠地帯開発のためのラクダ、狩猟目的のアナウサギやアカギツネ、サトウキビの害虫を駆除するためのオオヒキガエル、イノシシ（正確には飼育されていた豚が野生化したもの[46]）など、本来生息していなかった多数の外来種が持ち込まれ野生化・繁殖し、天敵がいないため個体数を急激に増やしている
977,0,172,146,1919年4月6日からマハトマ・ガンディーが主導していた非暴力独立運動（サティヤーグラハ）は、1919年4月13日のアムリットサル事件を契機に、それに抗議する形でそれまで知識人主導であったインドの民族運動を幅広く大衆運動にまで深化させ、1930年には塩の行進が行われガンディーの登場はイギリスのインド支配を今まで以上に動揺させた
978,0,22,714,また、一部の韓国人は「歴史的に先進的な韓国とその従属国の日本」という認識を第三国にも広めようと熱心に活動しており、例えばカリフォルニア州在住の在米韓国人達が、「韓国が日本に東アジア思想と文物を伝えた
979,0,54,258,防衛省防衛研究所研究官の武貞秀士のように北朝鮮は日米に核または化学ミサイルを突きつけて牽制しつつ韓国を核恫喝で併合する意図で核武装を進めてきたと観測する専門家もいる）[47]
980,0,55,174,世界恐慌以後、植民地を「持てる国」である英米仏などがブロック経済化を進めて、日独伊などの「持たざる国」を締め出す動きを強めると、日本国内では対外進出によって、状況を打破しようとする動きが強まった
981,0,55,936,安全保障上の理由から学ばれている言語は、米軍との意思疎通を図るための英語と、仮想敵のロシア語・中国語・朝鮮語が主である（予備自衛官補の語学技能枠で一般公募もされている）
982,0,64,293,冷戦が終結した現在も日米関係は国際政治や経済活動において米国の強い主導化のもとに、両国間の貿易や投資活動はその規模の大きさから両国経済だけでなく世界経済に大きな影響力を持つ
983,0,91,161,第二次世界大戦において、米軍に協力したフィリピン軍人に対しアメリカ合衆国での労働が許可され、多くのフィリピン人がアメリカ合衆国へ渡ろうとしたものの、1924年のアメリカの移民法によって、フィリピンからは年100人がアメリカに渡れるに過ぎなかった
984,0,113,294,サイゴン陥落後からソ連崩壊を経て、ドイモイ政策後の1995年8月5日、ベトナムとアメリカは和解し、当時のビル・クリントン大統領は越米両国の国交を樹立させ、通商禁止も解除された
985,0,142,227,また、2005年7月、中国人民解放軍の朱成虎少将は「米国が台湾海峡での武力紛争に介入し中国を攻撃した場合、中国は対米核攻撃に踏み切る用意がある」と発言した[53]
986,0,147,82,狭く肥沃で沼地の多い平地（沿岸低地）には人口の大部分が居住しており、より内陸の白砂地帯（砂丘と粘土の地域）には鉱物鉱床があり、深い熱帯雨林（森林高地地域）が国土の中心を占め、南部は広大な内陸高地と平坦なサバナ（内陸サバナ）で、多くの山々がブラジルとの国境を形成している
987,0,168,79,一方パンパでは未だに敵対的インディヘナとの対立が続いていたが、1878年にロカ（英語版）将軍の指揮した砂漠の征服作戦（英語版）によってパンパからインディヘナが追いやられると、征服された土地は軍人や寡頭支配層の間で再分配され、より一層の大土地所有制拡大が進んだ
988,0,22,67,米軍司令部は9月7日に朝鮮における軍政（占領統治）実施を宣言し、独立運動家らが自発的に樹立した朝鮮人民共和国や大韓民国臨時政府の政府承認を否定した[32]
989,0,55,198,一方、1960年に岸信介首相は日米安全保障条約の改定を実現させたが、目標としていた日本国憲法の改定は果たせずに退任し、その後の自民党政権は池田勇人による所得倍増計画に象徴される「経済中心路線」を採った
990,0,64,42,"東アジアでも、""America""を「亜米利加」「米利堅」「美利堅」などと音訳し、""United States""を「合衆国」と翻訳することで、日本語では「アメリカ合衆国」「米国」、中国語や韓国語では「美利堅合衆國」「美国」と漢字表記する"
991,0,113,285,中でも、米国内で秘密にされた米軍によるロン・ノル政権支援の為のカンボジアへの大爆撃は、この一国に対してだけで、第二次世界大戦での日本本土空襲総規模の三倍に達していた事も判明している
992,0,115,80,1856年から1873年にかけて中国の雲南省・シップソーンパンナーでパンゼー（英語版）と呼ばれる雲南回民（チン・ホー族（英語版））によるパンゼーの乱が起こり、雲南貿易が閉ざされた結果、米をイギリスから輸入せざるを得なくなった
993,0,124,55,両国は米軍支配下で債務を返済し、経済基盤や政治を改善し大規模農業を導入し、有力者（カウディージョ）の私兵や軍閥に代えて強力で統一された警察や国軍を作るが、これが後に両国の軍部独裁の種となる
994,0,135,424,同年9月、アスナール首相がイラク戦争を非常任理事国として支持、2003年3月のイラク戦争開戦後は有志連合の一員として、米英軍と共にイラクにスペイン軍1400人を派遣した
995,0,174,300,1948年のマーシャル・プランと強い文化的な結びつきが両国の絆を強めたが、シュレーダー首相のイラク戦争に対する強い反対意見は大西洋主義の終焉を示唆し、独米関係を冷却化させた[66][67]
996,0,196,209,日本は資本主義体制をとり日米同盟を維持しているが、キューバに対しては地理的・政治的な利害関係を持たず、また長らく最高指導者であったフィデル・カストロが親日家であることもあり、音楽やスポーツを通じた民間交流も盛んである
997,0,19,112,またカリオン（英語版）で発見されたヒエログリフやンガリンジェリ族のラミンジェリ人の高齢者の主張を基に、オーストラリアの先住民は古代エジプトから弓と突出した船尾を備えたボートで海を渡って11000年前にオーストラリアや南アメリカ等世界中を周回した、と主張する者も居る[40][41]
998,0,55,146,一方、豊臣秀吉が李氏朝鮮に侵攻した文禄・慶長の役の失敗後、1603年に徳川家康が開いた江戸幕府は薩摩を通じた琉球侵攻以外はおおむね消極的な外交政策をとり、後に「鎖国」とも称される海禁政策によって外国文物の流入が強く制限された
999,0,9,400,その他インディヘナとしては、パスクア島（イースター島）にはポリネシア系の、北部のアンデス山岳地帯にはケチュア人やアイマラ人など、南部ビオビオ川以南の森林地帯にはマプーチェ人が、その他にはピクンチェ人、ウイリンチェ人、アタカメーニョ人、ディアグイタ人、ペウエンチェ人などが、クリストファー・コロンブスの到来以前より居住しており、こうしたインディヘナを合わせると全人口の5%ほどになる
